Timestamp,"I confirm this message does not contain any names, phone numbers, CNIC numbers, account numbers, or any personal information I do not wish to be made public; or I have removed them before submitting.",What type of message is this?,"Paste the exact message here. Remove any information you do not want to share, if any.

You can submit this form again for each additional message.",What kind of message is this?,Where did you recieve this?,"Paste the exact message text. Ensure it is Roman Urdu only, and any of your personal information (if any) has been stripped.

Do not remove any URLS, names, or numbers of the sender that may be contained within.

You can submit this form again for each additional message.",What type of scam does this look like?,Where did you receive this?,Who did it appear to be from?,How confident are you this is a scam?
,,,,,,,,,,
9/18/2026 20:59:26,I confirm.,"Scam/Suspicious message (lottery winning, fake bank transaction, money withdarawal, etc)",,,,"Ahsas-kafalat-progarm main apne is no sa 8171 pa SMS kia tha apke Rs.12000 Rupay manzor hoge he 
ap M-Younas 03490912152 
Whatsapp pr sms karen,",Lottery/Prize,SMS,Not sure,5
9/18/2026 21:00:36,I confirm.,"Scam/Suspicious message (lottery winning, fake bank transaction, money withdarawal, etc)",,,,"Your UBL points (6844 points) will expire in 24 hours, please be sure to claim your bonus immediately: https://ln.run/ot-ZE",Bank/OTP Phishing,SMS,Claiming to be a bank/company,5
9/18/2026 21:01:55,I confirm.,"Scam/Suspicious message (lottery winning, fake bank transaction, money withdarawal, etc)",,,,"Dear, Rs 27000 is in your NO777 account! Play or withdraw now. Click here to log in: https://9no777.com/?id=917166180",Lottery/Prize,SMS,Unknown personal number,5
9/21/2026 14:12:17,I confirm.,"Scam/Suspicious message (lottery winning, fake bank transaction, money withdarawal, etc)",,,,"Mubarak ho! Acount mein Rs.16097 Game inaam aa chuka hai! Abhi Game Khalain aur login karke check karein: https://cutt.ly/5ycwBKo4
To block promotions from VALTRX send UNSUB to 8694880
To block all promotions, send REG to 3627",Lottery/Prize,SMS,Unknown personal number,5
9/21/2026 14:14:33,I confirm.,"Scam/Suspicious message (lottery winning, fake bank transaction, money withdarawal, etc)",,,,"Rs.19,885 account mein deposit kar diye gaye hain! Game khelain ya paise withdraw karein. https://cutt.ly/oyxbTNqY

To block promotions from F1LUX send UNSUB to 8695273
To block all promotions, send REG to 3627",Lottery/Prize,SMS,"Short code (5-6 digit number e.g., ""9999"")",5
9/21/2026 14:16:46,I confirm.,"Scam/Suspicious message (lottery winning, fake bank transaction, money withdarawal, etc)",,,,+966 55 344 9563 se WhatsApp par message aya: you won! Register now and win up to Rs9200000 - Join & Jeeto!,Lottery/Prize,WhatsApp,Not sure,5
9/21/2026 14:19:39,I confirm.,"Scam/Suspicious message (lottery winning, fake bank transaction, money withdarawal, etc)",,,,"Dear Customer Your ATM  Card Has Been Blocked By  State Bank Due To Non-Verification yet if you want to keep using Your ATM Card Contact US:0326-7917420...,",Atm blocking,SMS,Unknown personal number,5
9/21/2026 14:23:03,I confirm.,"Official/transactional message (bank alert, delivery notice, balance update, etc)","Dear Applicant, Passport with Token Id ***************** has been dispatched.Please collect your passport from the passport office as per date mentioned on your slip",Delivery/courier update,SMS,,,,,
9/29/2026 14:25:35,I confirm.,"Scam/Suspicious message (lottery winning, fake bank transaction, money withdarawal, etc)",,,,"Jazz: You have 9986 points that area about to expire. You can redeem a gift through the website, otherwise it will be invalid: https://jazzsshop.top/pk",Lottery/Prize,SMS,Claiming to be a bank/company,5
9/29/2026 14:28:00,I confirm.,"Scam/Suspicious message (lottery winning, fake bank transaction, money withdarawal, etc)",,,,"FINAL WARNING: Unpaid traffic fines. Case pending court referral. Please clear your dues immediately. Please visit: https://echalilen-pk.com/kz
For queries, contact CTPL Helpline 15.",Echallan,SMS,"Short code (5-6 digit number e.g., ""9999"")",5
9/29/2026 14:30:28,I confirm.,"Scam/Suspicious message (lottery winning, fake bank transaction, money withdarawal, etc)",,,,Sindh Police: Your vehicle has been recorded for a traffic violation by our Automated Traffic Enforcement System (TRACS). Please pay the fine in a timely manner to avoid incurring late fees.View now: https://sindhpaslie.cc/.pk,Echallan,SMS,"Short code (5-6 digit number e.g., ""9999"")",5
9/29/2026 14:30:52,I confirm.,"Scam/Suspicious message (lottery winning, fake bank transaction, money withdarawal, etc)",,,,"Sindh Police: Your vehicle has been E-Challaned for Overspeeding via TRACS. Fine: Rs. 1,500. Pay within 15 days to get 50% discount (Rs. 750). View evidence & pay at: https://sindhoflice.cc/.pk",Echallan,SMS,"Short code (5-6 digit number e.g., ""9999"")",5
9/29/2026 14:32:06,I confirm.,"Scam/Suspicious message (lottery winning, fake bank transaction, money withdarawal, etc)",,,,"3737Trx ID 18486354400.
You have Received Rs. 20000from shahina BIBI With Easypaisa Account 03487801886",Lottery/Prize,SMS,Unknown personal number,5
9/29/2026 14:35:22,I confirm.,"Scam/Suspicious message (lottery winning, fake bank transaction, money withdarawal, etc)",,,,"We cannot deliver the package due to an invalid address, change the address: https://shorturl.at/Ljd3z",Delivery Scam,SMS,Unknown personal number,5
9/29/2026 14:40:00,I confirm.,"Scam/Suspicious message (lottery winning, fake bank transaction, money withdarawal, etc)",,,,"TID 068759524304.You have received Rs 8,224.00 from World Health Organization on 21/10/2024 at 06:38:30 PM..Kindly collect amount from any nearby JazzCash agent.",Lottery/Prize,SMS,"Short code (5-6 digit number e.g., ""9999"")",5
9/29/2026 14:48:01,I confirm.,"Scam/Suspicious message (lottery winning, fake bank transaction, money withdarawal, etc)",,,,"8171:EHSAS IMDAD program me ap na is 03113057971 sa 8171 py sms kia tha apki Rs,12000 ki IMDAD Manzor hoi ha ap is whatsapp number 03474426012 per rabta kre.",Lottery/Prize,SMS,Unknown personal number,5
9/29/2026 14:51:14,I confirm.,"Scam/Suspicious message (lottery winning, fake bank transaction, money withdarawal, etc)",,,,Dear Customer Your ATM a Card Has Been Blocked By State Bank Due To Non-Verification yet if you want to keep using Your ATM Card Contact US 03284069629...,Bank/OTP Phishing,SMS,Not sure,5