Labels,Source_Type,raw_template
1,Phishing - Account Block Threat,"URGENT: Your {BRAND} account has been suspended due to unusual activity. Verify now to restore access: bit.ly/{NUM}"
1,Phishing - Account Block Threat,"Security Alert: {BRAND} detected suspicious login. Your account will be locked in 24 hours unless you confirm your identity here: bit.ly/{NUM}"
1,Phishing - Account Freeze (FBR) Threat,"NOTICE: FBR has flagged your {BRAND} account for tax non-compliance. Account will be frozen. Resolve immediately: bit.ly/{NUM}"
1,Phishing - Account Hack Warning,"WARNING: We detected unauthorized access to your {BRAND} account from a new device. Secure your account now: bit.ly/{NUM}"
1,Phishing - Account Hack Warning,"Your {BRAND} password was changed just now. If this was not you, reverse it immediately at bit.ly/{NUM}"
1,Phishing - ATM Card Suspend Link,"Your {BRAND} debit card will be suspended today due to a failed verification. Reactivate here: bit.ly/{NUM}"
1,Phishing - Reward/Lottery Scam,"Congratulations! Your number has won {AMOUNT} PKR in the {BRAND} loyalty draw. Claim your prize before it expires: bit.ly/{NUM}"
1,Phishing - Reward/Lottery Scam,"You have been selected for a cash reward of {AMOUNT} PKR. Complete this short form to claim: bit.ly/{NUM}"
1,Phishing - Government Scheme Scam,"Government Relief Program: You qualify for {AMOUNT} PKR in emergency aid. Register before the deadline: bit.ly/{NUM}"
1,Phishing - Wrong Number Refund Scam,"Hi, I think I sent {AMOUNT} PKR to your account by mistake. Please refund it here so I can confirm: bit.ly/{NUM}"
1,Phishing - Account Block Threat,"Dear customer, your {BRAND} online banking has been temporarily restricted. Tap to verify and unlock: bit.ly/{NUM}"
1,Phishing - Account Freeze (FBR) Threat,"Final Notice: Failure to update your FBR tax profile linked to {BRAND} will result in account freeze within 48 hours. Update: bit.ly/{NUM}"
1,Phishing - Account Hack Warning,"We noticed a login attempt on your {BRAND} account from an unrecognized location. Confirm it was you: bit.ly/{NUM}"
1,Phishing - ATM Card Suspend Link,"Important: Your {BRAND} ATM card is scheduled for deactivation due to incomplete KYC. Prevent this now: bit.ly/{NUM}"
1,Phishing - Reward/Lottery Scam,"{BRAND} Customer Rewards: A gift of {AMOUNT} PKR is waiting for you. Claim within 24 hours: bit.ly/{NUM}"
1,Phishing - Government Scheme Scam,"You are eligible for the national support package worth {AMOUNT} PKR. Apply now before slots close: bit.ly/{NUM}"
1,Phishing - Account Block Threat,"Your {BRAND} account access has been paused for your protection. Restore full access by verifying: bit.ly/{NUM}"
1,Phishing - Wrong Number Refund Scam,"Sorry, wrong transfer. I accidentally sent {AMOUNT} PKR to your account instead of my friend's. Kindly return it: bit.ly/{NUM}"
1,Phishing - Account Hack Warning,"Unusual sign-in activity detected on your {BRAND} profile. If this wasn't you, act now to prevent takeover: bit.ly/{NUM}"
1,Phishing - Account Freeze (FBR) Threat,"Your {BRAND} account is under review by FBR for irregular transactions. Submit clarification to avoid freeze: bit.ly/{NUM}"