institution_name,category,official_domain,notes
First Women Bank Ltd.,Bank,fwbl.com.pk,
National Bank of Pakistan,Bank,nbp.com.pk,
Sindh Bank Limited,Bank,sindhbank.com.pk,
The Bank of Khyber,Bank,bok.com.pk,
The Bank of Punjab,Bank,bop.com.pk,
Zarai Taraqiati Bank Limited,Bank,ztbl.com.pk,
Al-Baraka Bank (Pakistan) Ltd.,Bank,albaraka.com.pk,
Allied Bank Limited,Bank,abl.com,
Askari Bank Limited,Bank,askaribank.com.pk,
Bank Al-Falah Ltd.,Bank,bankalfalah.com,
Bank Al-Habib Ltd.,Bank,bankalhabib.com,
BankIslami Pakistan Limited,Bank,bankislami.com.pk,
Dubai Islamic Bank Pakistan Limited,Bank,dibpak.com,
Faysal Bank Ltd.,Bank,faysalbank.com,
Habib Bank Limited (HBL),Bank,hbl.com,
Habib Metropolitan Bank Limited,Bank,habibmetro.com,
JS Bank Limited,Bank,jsbl.com,
MCB Bank Limited,Bank,mcb.com.pk,
MCB Islamic Bank Ltd.,Bank,mcbislamicbank.com,
Meezan Bank Limited,Bank,meezanbank.com,
Samba Bank Ltd.,Bank,samba.com.pk,
Soneri Bank Ltd.,Bank,soneribank.com,
Standard Chartered Bank (Pakistan) Ltd.,Bank,sc.com,
Bank Makramah Limited (formerly Summit Bank),Bank,bankmakramah.com,
United Bank Limited (UBL),Bank,ubl.com.pk,
Easypaisa Digital Bank,Bank / Digital Wallet,easypaisa.com.pk,Formerly Telenor Microfinance Bank; also the Easypaisa mobile wallet brand
HBL Microfinance Bank Ltd.,Bank (Microfinance),hblmfb.com,
Khushhali Bank Ltd.,Bank (Microfinance),khushhalibank.com.pk,
Mobilink Microfinance Bank Ltd.,Bank (Microfinance),mobilinkbank.com,Parent entity behind JazzCash
U Microfinance Bank Ltd.,Bank (Microfinance),ubank.com.pk,
NRSP Microfinance Bank Ltd.,Bank (Microfinance),nrspbank.com,
Apna Microfinance Bank,Bank (Microfinance),apnabank.com.pk,
JazzCash,Mobile Wallet,jazzcash.com.pk,
SadaPay,Mobile Wallet,sadapay.pk,
NayaPay,Mobile Wallet,nayapay.com,
Jazz (Mobilink),Telecom,jazz.com.pk,
Zong (CMPak / China Mobile Pakistan),Telecom,zong.com.pk,
Ufone (PTML),Telecom,ufone.com,"Merged with Telenor Pakistan (approved by Islamabad High Court, 1 Jul 2026); operating as combined entity"
Telenor Pakistan,Telecom,telenor.com.pk,Being merged into Ufone/PTML as of mid-2026; brand may be phased out over time
PTCL (Pakistan Telecommunication Company Ltd.),Telecom / ISP,ptcl.com.pk,
TCS (Tranzum Courier Service),Courier,tcsexpress.com,
Leopards Courier Services,Courier,leopardscourier.com,
M&P (Muller & Phipps) Express Logistics,Courier,mulphilog.com,
PostEx,Courier,postex.pk,
Pakistan Post,Courier / Government,pakpost.gov.pk,
NADRA (National Database & Registration Authority),Government,nadra.gov.pk,ID services specifically at id.nadra.gov.pk; NADRA has publicly warned about fake look-alike sites charging extra fees
FBR (Federal Board of Revenue),Government,fbr.gov.pk,
PTA (Pakistan Telecommunication Authority),Government,pta.gov.pk,
BISP (Benazir Income Support Programme),Government,bisp.gov.pk,Frequently impersonated by fake 'Ehsaas/8171' registration and prize scam sites/SMS
