Labels,Source_Type,raw_template,template_key
1,Phishing - Reward/Lottery Scam,Congratulations! Aapka mobile number is week ke lucky draw mein select hua hai aur aapne {AMOUNT} PKR jeet liye hain. Claim karne ke liye {PHONE} par abhi call karein.,congratulations! aapka mobile number is week ke lucky draw mein select hua hai aur aapne {amount} pkr jeet liye hain. claim karne ke liye {phone} par abhi call karein.
1,Phishing - Reward/Lottery Scam,{BRAND} appreciation bonus: Loyal customer hone ki wajah se apko {AMOUNT} PKR ka voucher mila hai. Redeem code hasil karne k liye is link par register karein: bit.ly/{NUM},{brand} appreciation bonus: loyal customer hone ki wajah se apko {amount} pkr ka voucher mila hai. redeem code hasil karne k liye is link par register karein: bit.ly/{num}
1,Phishing - Reward/Lottery Scam,Khushkhabri! PSL lucky winner list mein apka naam shamil hai. Prize {AMOUNT} PKR hai. Verification k liye apna CNIC number reply mein bhejein warna prize cancel ho jaye ga.,khushkhabri! psl lucky winner list mein apka naam shamil hai. prize {amount} pkr hai. verification k liye apna cnic number reply mein bhejein warna prize cancel ho jaye ga.
1,Phishing - Reward/Lottery Scam,"Assalam o Alaikum, hum {BRAND} ki taraf se bol rahe hain. Apka number Eid lucky draw mein nikla hai, inam {AMOUNT} PKR ka hai. Foran apna account number confirm karwayen taake payment ho sake.","assalam o alaikum, hum {brand} ki taraf se bol rahe hain. apka number eid lucky draw mein nikla hai, inam {amount} pkr ka hai. foran apna account number confirm karwayen taake payment ho sake."
1,Phishing - Reward/Lottery Scam,URGENT: Aap ne {BRAND} ka mega giveaway jeet liya hai! Sirf 24 ghante mein claim karna zaroori hai warna inam kisi aur ko chala jaye ga. Details k liye {PHONE} par whatsapp karein.,urgent: aap ne {brand} ka mega giveaway jeet liya hai! sirf 24 ghante mein claim karna zaroori hai warna inam kisi aur ko chala jaye ga. details k liye {phone} par whatsapp karein.
1,Phishing - Reward/Lottery Scam,"Pyare customer, is mahine ka lucky number draw mein apko {AMOUNT} PKR ka cash prize mila hai. Processing fee {AMOUNT} PKR jama karwa kar apna prize nearest branch se collect karein.","pyare customer, is mahine ka lucky number draw mein apko {amount} pkr ka cash prize mila hai. processing fee {amount} pkr jama karwa kar apna prize nearest branch se collect karein."
1,Phishing - Account Block Threat,"{BRAND} security alert: Apke account mein ghair mamooli activity dekhi gayi hai, is liye account temporarily block kar diya gaya hai. Reactivate karne k liye {PHONE} par apna OTP share karein.","{brand} security alert: apke account mein ghair mamooli activity dekhi gayi hai, is liye account temporarily block kar diya gaya hai. reactivate karne k liye {phone} par apna otp share karein."
1,Phishing - Account Block Threat,"Dear valued customer, aapka {BRAND} account KYC update na hone ki wajah se 48 ghanton mein block ho jaye ga. Update karne k liye yahan click karein: {BRAND}-verify.com","dear valued customer, aapka {brand} account kyc update na hone ki wajah se 48 ghanton mein block ho jaye ga. update karne k liye yahan click karein: {brand}-verify.com"
1,Phishing - Account Block Threat,ALERT: Apka {BRAND} account suspicious login ki waja se lock ho gaya hai. Turant apna password aur CNIC number is number par bhejein taake account unlock ho sake.,alert: apka {brand} account suspicious login ki waja se lock ho gaya hai. turant apna password aur cnic number is number par bhejein taake account unlock ho sake.
1,Phishing - Account Block Threat,"{BRAND} se: Apka account maintenance ki waja se muaqqatan band hai. Dobara active karwane k liye branch visit ki zaroorat nahi, sirf apna debit card number confirm karein.","{brand} se: apka account maintenance ki waja se muaqqatan band hai. dobara active karwane k liye branch visit ki zaroorat nahi, sirf apna debit card number confirm karein."
1,Phishing - Account Block Threat,Warning: Aapke {BRAND} account par 3 baar galat password enter hua hai. Agla attempt account ko permanently block kar dega. Apna account secure karne k liye is link par verify karein.,warning: aapke {brand} account par 3 baar galat password enter hua hai. agla attempt account ko permanently block kar dega. apna account secure karne k liye is link par verify karein.
1,Phishing - Government Scheme Scam,Government of Pakistan ki taraf se: Apka naam Ehsaas Rashan Program ki new list mein shamil hua hai. {AMOUNT} PKR hasil karne k liye apna {BRAND} account number aur pin {PHONE} par send karein.,government of pakistan ki taraf se: apka naam ehsaas rashan program ki new list mein shamil hua hai. {amount} pkr hasil karne k liye apna {brand} account number aur pin {phone} par send karein.
1,Phishing - Government Scheme Scam,BISP registration update: Apki application approve ho gayi hai. Pehli qist {AMOUNT} PKR hai. Fund transfer k liye apna mobile wallet PIN is number par confirm karein: {PHONE}.,{BRAND} registration update: apki application approve ho gayi hai. pehli qist {amount} pkr hai. fund transfer k liye apna mobile wallet pin is number par confirm karein: {phone}.
1,Phishing - Government Scheme Scam,Sarkar ki taraf se Kafalat Program shuru ho chuka hai. Har mustahiq family ko {AMOUNT} PKR milen ge. Register karne k liye apna CNIC aur {BRAND} number reply karein.,sarkar ki taraf se kafalat program shuru ho chuka hai. har mustahiq family ko {amount} pkr milen ge. register karne k liye apna cnic aur {brand} number reply karein.
1,Phishing - Government Scheme Scam,Attention: Punjab government ki free solar panel scheme mein apka number select hua hai. Delivery charges {AMOUNT} PKR advance apne {BRAND} account se is number par jama karwayen.,attention: punjab government ki free solar panel scheme mein apka number select hua hai. delivery charges {amount} pkr advance apne {brand} account se is number par jama karwayen.
1,Phishing - Account Freeze (FBR) Threat,FBR Notice: Apka {BRAND} account tax audit ki waja se freeze kiya gaya hai. Unfreeze karwane k liye 24 ghanton k andar apna NTN aur OTP is helpline par confirm karein: {PHONE}.,{BRAND} notice: apka {brand} account tax audit ki waja se freeze kiya gaya hai. unfreeze karwane k liye 24 ghanton k andar apna ntn aur otp is helpline par confirm karein: {phone}.
1,Phishing - Account Freeze (FBR) Threat,"Federal Board of Revenue: Aapke {BRAND} account mein tax discrepancy paayi gayi hai, isliye account hold par hai. Clear karwane k liye turant apna account PIN reply karein warna legal action liya jaye ga.","federal board of revenue: aapke {brand} account mein tax discrepancy paayi gayi hai, isliye account hold par hai. clear karwane k liye turant apna account pin reply karein warna legal action liya jaye ga."
1,Phishing - Account Freeze (FBR) Threat,FBR se ittila: Apka {BRAND} wallet non-filer status ki waja se suspend ho gaya hai. Filer banne aur wallet bahal karwane k liye is link par apni details fill karein.,{BRAND} se ittila: apka {brand} wallet non-filer status ki waja se suspend ho gaya hai. filer banne aur wallet bahal karwane k liye is link par apni details fill karein.
1,Phishing - Account Hack Warning,Security Breach Alert: Hamare system ne detect kiya hai ke koi apke {BRAND} account mein unauthorized access ki koshish kar raha hai. Foran apna password reset link ke zariye change karein: {BRAND}-secure.com,security breach alert: hamare system ne detect kiya hai ke koi apke {brand} account mein unauthorized access ki koshish kar raha hai. foran apna password reset link ke zariye change karein: {brand}-secure.com
1,Phishing - Account Hack Warning,Khabardar! Apka {BRAND} account kisi doosre device se login hua hai jo apka nahi tha. Agar yeh aap nahi the to abhi apna OTP is number par bhejein taake account secure ho: {PHONE}.,khabardar! apka {brand} account kisi doosre device se login hua hai jo apka nahi tha. agar yeh aap nahi the to abhi apna otp is number par bhejein taake account secure ho: {phone}.
1,Phishing - Account Hack Warning,{BRAND} fraud department: Apke account se ek shakki transaction hone wali thi jo humne rok di hai. Confirm karne k liye apna CNIC number aur account PIN verify karwayen.,{brand} fraud department: apke account se ek shakki transaction hone wali thi jo humne rok di hai. confirm karne k liye apna cnic number aur account pin verify karwayen.
1,Phishing - Wrong Number Refund Scam,"Assalam o Alaikum, maine galti se apke {BRAND} account mein {AMOUNT} PKR bhej diye hain jo mujhe apni behen ko bhejne the. Barah-e-meherbani wapis kar dein is number par: {PHONE}.","assalam o alaikum, maine galti se apke {brand} account mein {amount} pkr bhej diye hain jo mujhe apni behen ko bhejne the. barah-e-meherbani wapis kar dein is number par: {phone}."
1,Phishing - Wrong Number Refund Scam,"Sorry bhai, wrong number par {AMOUNT} PKR transfer ho gaye mujh se. Please jaldi wapis send kar dein, mujhe urgent zaroorat hai. Trx ID: {TRXID}","sorry bhai, wrong number par {amount} pkr transfer ho gaye mujh se. please jaldi wapis send kar dein, mujhe urgent zaroorat hai. trx id: {trxid}"
1,Phishing - Wrong Number Refund Scam,Mera beta hospital mein hai aur maine jaldi mein apko {AMOUNT} PKR ghalti se bhej diye. Khuda k liye wapis kar dein is {BRAND} account par: {PHONE}.,mera beta hospital mein hai aur maine jaldi mein apko {amount} pkr ghalti se bhej diye. khuda k liye wapis kar dein is {brand} account par: {phone}.
1,Phishing - ATM Card Suspend Link,{BRAND} ATM Alert: Apka debit card 24 ghanton mein suspend ho jaye ga kyunke apki details update nahi hain. Update karne k liye click karein: {BRAND}-update.com,{brand} atm alert: apka debit card 24 ghanton mein suspend ho jaye ga kyunke apki details update nahi hain. update karne k liye click karein: {brand}-update.com
1,Phishing - ATM Card Suspend Link,Important: Apka {BRAND} ATM card block hone wala hai security reasons ki waja se. Card ko active rakhne k liye is link par apni card details enter karein.,important: apka {brand} atm card block hone wala hai security reasons ki waja se. card ko active rakhne k liye is link par apni card details enter karein.
1,Phishing - ATM Card Suspend Link,"Dear customer, apka ATM card expire hone wala hai. Naya card free mein hasil karne k liye yahan apply karein: {BRAND}-cards.com/apply","dear customer, apka atm card expire hone wala hai. naya card free mein hasil karne k liye yahan apply karein: {brand}-cards.com/apply"
0,Bank OTP Message,{OTP} is your OTP for {BRAND} login. Valid for 5 minutes. Do not share with anyone.,{otp} is your otp for {brand} login. valid for 5 minutes. do not share with anyone.
0,Bank OTP Message,"Apka {BRAND} verification code {OTP} hai. Kisi ke sath share na karein, yeh confidential hai.","apka {brand} verification code {otp} hai. kisi ke sath share na karein, yeh confidential hai."
0,Bank OTP Message,Use OTP {OTP} to complete your {BRAND} transaction. This code will expire in 10 minutes.,use otp {otp} to complete your {brand} transaction. this code will expire in 10 minutes.
0,Bank OTP Message,{BRAND}: Aapka one-time password {OTP} hai. Bank staff kabhi bhi OTP nahi mangta.,{brand}: aapka one-time password {otp} hai. bank staff kabhi bhi otp nahi mangta.
0,Mobile Wallet Transfer Confirmation,{BRAND} Confirmation: {AMOUNT} PKR successfully sent. Transaction ID: {TRXID}. Balance available: {AMOUNT} PKR.,{brand} confirmation: {amount} pkr successfully sent. transaction id: {trxid}. balance available: {amount} pkr.
0,Mobile Wallet Transfer Confirmation,Payment of {AMOUNT} PKR received in your {BRAND} wallet. Ref: {TRXID}.,payment of {amount} pkr received in your {brand} wallet. ref: {trxid}.
0,Mobile Wallet Transfer Confirmation,Aapki {BRAND} se {AMOUNT} PKR ki transaction mukammal ho gayi hai. TRX: {TRXID}. Shukriya.,aapki {brand} se {amount} pkr ki transaction mukammal ho gayi hai. trx: {trxid}. shukriya.
0,Bank Tax Deduction Notification,{BRAND}: {AMOUNT} PKR withholding tax deduct kiya gaya hai apke account se mutabiq FBR regulations k.,{brand}: {amount} pkr withholding tax deduct kiya gaya hai apke account se mutabiq {BRAND} regulations k.
0,Bank Tax Deduction Notification,Notice: Advance tax of {AMOUNT} PKR has been deducted from your {BRAND} account as per government policy.,notice: advance tax of {amount} pkr has been deducted from your {brand} account as per government policy.
0,Bank Deposit Notification,{BRAND}: {AMOUNT} PKR aapke account mein deposit hue hain. New balance: {AMOUNT} PKR.,{brand}: {amount} pkr aapke account mein deposit hue hain. new balance: {amount} pkr.
0,Bank Deposit Notification,Cash deposit of {AMOUNT} PKR credited to your {BRAND} account successfully.,cash deposit of {amount} pkr credited to your {brand} account successfully.
0,Salary Credit Notification,"Dear customer, apki salary {AMOUNT} PKR apke {BRAND} account mein credit ho chuki hai.","dear customer, apki salary {amount} pkr apke {brand} account mein credit ho chuki hai."
0,Salary Credit Notification,{BRAND}: Your monthly salary of {AMOUNT} PKR has been credited. Thank you for banking with us.,{brand}: your monthly salary of {amount} pkr has been credited. thank you for banking with us.
0,Bank ATM Transaction Alert,"{BRAND} ATM withdrawal alert: {AMOUNT} PKR withdrawn from your account. If this wasn't you, call helpline immediately.","{brand} atm withdrawal alert: {amount} pkr withdrawn from your account. if this wasn't you, call helpline immediately."
0,Bank ATM Transaction Alert,Aapke {BRAND} card se ATM par {AMOUNT} PKR nikale gaye hain. Agar yeh transaction apne nahi ki to foran report karein.,aapke {brand} card se atm par {amount} pkr nikale gaye hain. agar yeh transaction apne nahi ki to foran report karein.
0,Utility Bill Payment Reminder,"{BRAND} bill reminder: Apka current bill {AMOUNT} PKR hai, due date qareeb hai. Late payment se bachne k liye waqt par ada karein.","{brand} bill reminder: apka current bill {amount} pkr hai, due date qareeb hai. late payment se bachne k liye waqt par ada karein."
0,Utility Bill Payment Reminder,"Dear consumer, your {BRAND} bill of {AMOUNT} PKR is due soon. Pay online to avoid surcharge.","dear consumer, your {brand} bill of {amount} pkr is due soon. pay online to avoid surcharge."
0,Traffic Challan Notification,Traffic Police: Apki gari ka challan {AMOUNT} PKR generate hua hai speed limit violation ki waja se. PSCA app se pay karein.,traffic police: apki gari ka challan {amount} pkr generate hua hai speed limit violation ki waja se. {BRAND} app se pay karein.
0,Traffic Challan Notification,E-Challan Alert: Amount {AMOUNT} PKR due for signal violation. Pay before due date to avoid penalty.,e-challan alert: amount {amount} pkr due for signal violation. pay before due date to avoid penalty.
0,Utility Bill Cleared Notification,{BRAND} Alert: Apka bill successfully clear ho gaya hai. Current balance: 0 PKR. Shukriya.,{brand} alert: apka bill successfully clear ho gaya hai. current balance: {AMOUNT} pkr. shukriya.
0,Utility Bill Cleared Notification,Payment received. Your {BRAND} account balance is now 0 PKR.,payment received. your {brand} account balance is now {AMOUNT} pkr.
0,Bank OTP Message,{BRAND} se online payment ki tasdeeq ke liye OTP {OTP} hai. Yeh code kisi ko mat batana.,{brand} se online payment ki tasdeeq ke liye otp {otp} hai. yeh code kisi ko mat batana.
0,Bank OTP Message,{BRAND} par naya beneficiary add karne ki darkhwast ki gayi hai. Tasdeeq ke liye OTP {OTP} istemal karein.,{brand} par naya beneficiary add karne ki darkhwast ki gayi hai. tasdeeq ke liye otp {otp} istemal karein.
0,Bank OTP Message,"{BRAND}: aap ke account mein login ki koshish ki gayi hai, tasdeeq ka code {OTP} hai. Agar aap ne login nahi kiya to code share na karein.","{brand}: aap ke account mein login ki koshish ki gayi hai, tasdeeq ka code {otp} hai. agar aap ne login nahi kiya to code share na karein."
0,Bank OTP Message,Online khareedari ke liye {BRAND} ka tasdeeqi code {OTP} hai. Is code ko mehfooz rakhein.,online khareedari ke liye {brand} ka tasdeeqi code {otp} hai. is code ko mehfooz rakhein.
0,Bank OTP Message,{BRAND} account ki security tasdeeq ke liye {OTP} darj karein. OTP kisi ghair shakhs ko na dein.,{brand} account ki security tasdeeq ke liye {otp} darj karein. otp kisi ghair shakhs ko na dein.
0,Bank OTP Message,Aap ki {BRAND} card payment ko mukammal karne ke liye code {OTP} darkar hai. Code sirf apne liye rakhein.,aap ki {brand} card payment ko mukammal karne ke liye code {otp} darkar hai. code sirf apne liye rakhein.
0,Bank OTP Message,{BRAND} ki janib se account tasdeeq ka OTP {OTP} bheja gaya hai. Kisi call par bhi yeh code na batayein.,{brand} ki janib se account tasdeeq ka otp {otp} bheja gaya hai. kisi call par bhi yeh code na batayein.
0,Bank OTP Message,Aap ne {BRAND} par online transaction shuru ki hai. Us ki tasdeeq ke liye OTP {OTP} hai.,aap ne {brand} par online transaction shuru ki hai. us ki tasdeeq ke liye otp {otp} hai.
0,Bank OTP Message,{BRAND}: digital banking mein tabdeeli ki tasdeeq ke liye {OTP} istemal hoga. Isay kisi ke sath share na karein.,{brand}: digital banking mein tabdeeli ki tasdeeq ke liye {otp} istemal hoga. isay kisi ke sath share na karein.
0,Bank OTP Message,Aap ke {BRAND} account se online transaction ki tasdeeq mangi gayi hai. OTP {OTP} hai.,aap ke {brand} account se online transaction ki tasdeeq mangi gayi hai. otp {otp} hai.
0,Bank OTP Message,{BRAND} mobile banking ki nayi device tasdeeq ke liye code {OTP} hai. Yeh code sirf aap ke liye hai.,{brand} mobile banking ki nayi device tasdeeq ke liye code {otp} hai. yeh code sirf aap ke liye hai.
0,Bank OTP Message,Account security check ke liye {BRAND} ka one-time code {OTP} hai. Meherbani karke isay kisi ko na dein.,account security check ke liye {brand} ka one-time code {otp} hai. meherbani karke isay kisi ko na dein.
0,Bank OTP Message,{BRAND} se card payment ki tasdeeq ka paigham hai: OTP {OTP}. Agar payment aap ne nahi ki to code istemal na karein.,{brand} se card payment ki tasdeeq ka paigham hai: otp {otp}. agar payment aap ne nahi ki to code istemal na karein.
0,Bank OTP Message,Aap ke {BRAND} account par beneficiary ki maloomat badalne ki tasdeeq chahiye. OTP {OTP} hai.,aap ke {brand} account par beneficiary ki maloomat badalne ki tasdeeq chahiye. otp {otp} hai.
0,Bank OTP Message,"{BRAND}: online transaction rokne se bachne ke liye nahi, balkay uski tasdeeq ke liye OTP {OTP} diya gaya hai. Isay raaz rakhein.","{brand}: online transaction rokne se bachne ke liye nahi, balkay uski tasdeeq ke liye otp {otp} diya gaya hai. isay raaz rakhein."
0,Bank OTP Message,{BRAND} account ke liye security code {OTP} hai. Yeh code sirf is waqt ki tasdeeq ke liye hai.,{brand} account ke liye security code {otp} hai. yeh code sirf is waqt ki tasdeeq ke liye hai.
0,Bank OTP Message,Aap ki {BRAND} digital banking request ki tasdeeq ke liye {OTP} code hai. Kisi aur ko mat batayein.,aap ki {brand} digital banking request ki tasdeeq ke liye {otp} code hai. kisi aur ko mat batayein.
0,Bank OTP Message,{BRAND} par aap ki card transaction ki tasdeeq darkar hai. Is ke liye OTP {OTP} hai.,{brand} par aap ki card transaction ki tasdeeq darkar hai. is ke liye otp {otp} hai.
0,Mobile Wallet Transfer Confirmation,{BRAND}: aap ke wallet se {AMOUNT} PKR ki raqam bhej di gayi hai. Transaction ID {TRXID} hai.,{brand}: aap ke wallet se {amount} pkr ki raqam bhej di gayi hai. transaction id {trxid} hai.
0,Mobile Wallet Transfer Confirmation,{BRAND} wallet se {AMOUNT} PKR ki muntaqili kamyabi se mukammal ho gayi. Shanakhti number {TRXID} hai.,{brand} wallet se {amount} pkr ki muntaqili kamyabi se mukammal ho gayi. shanakhti number {trxid} hai.
0,Mobile Wallet Transfer Confirmation,Aap ne {BRAND} ke zariye {AMOUNT} PKR bheje hain. Is len den ka ID {TRXID} hai.,aap ne {brand} ke zariye {amount} pkr bheje hain. is len den ka id {trxid} hai.
0,Mobile Wallet Transfer Confirmation,{BRAND} mein aap ki {AMOUNT} PKR transfer darkhwast poori ho gayi hai. Record ke liye {TRXID} sambhal kar rakhein.,{brand} mein aap ki {amount} pkr transfer darkhwast poori ho gayi hai. record ke liye {trxid} sambhal kar rakhein.
0,Mobile Wallet Transfer Confirmation,{AMOUNT} PKR aap ke {BRAND} wallet se muntaqil kar diye gaye hain. Transaction ka hawala {TRXID} hai.,{amount} pkr aap ke {brand} wallet se muntaqil kar diye gaye hain. transaction ka hawala {trxid} hai.
0,Mobile Wallet Transfer Confirmation,"{BRAND}: raqam bhejne ka amal mukammal hua, kul raqam {AMOUNT} PKR hai. Hawala number {TRXID}.","{brand}: raqam bhejne ka amal mukammal hua, kul raqam {amount} pkr hai. hawala number {trxid}."
0,Mobile Wallet Transfer Confirmation,Aap ke {BRAND} wallet se paisay nikal kar bhej diye gaye hain: {AMOUNT} PKR. Transaction {TRXID} ke naam se darj hai.,aap ke {brand} wallet se paisay nikal kar bhej diye gaye hain: {amount} pkr. transaction {trxid} ke naam se darj hai.
0,Mobile Wallet Transfer Confirmation,{BRAND} transfer ki tasdeeq: {AMOUNT} PKR kamyabi se muntaqil hue. ID {TRXID} hai.,{brand} transfer ki tasdeeq: {amount} pkr kamyabi se muntaqil hue. id {trxid} hai.
0,Mobile Wallet Transfer Confirmation,{AMOUNT} PKR ki wallet transfer {BRAND} par mukammal ho chuki hai. Mazeed maloomat ke liye ID {TRXID} dekhein.,{amount} pkr ki wallet transfer {brand} par mukammal ho chuki hai. mazeed maloomat ke liye id {trxid} dekhein.
0,Mobile Wallet Transfer Confirmation,{BRAND}: aap ki bheji hui raqam {AMOUNT} PKR receiver tak muntaqil ho gayi. Transaction ID {TRXID} hai.,{brand}: aap ki bheji hui raqam {amount} pkr receiver tak muntaqil ho gayi. transaction id {trxid} hai.
0,Mobile Wallet Transfer Confirmation,Wallet se raqam bhejne ka amal {BRAND} par poora ho gaya. Raqam {AMOUNT} PKR aur hawala {TRXID} hai.,wallet se raqam bhejne ka amal {brand} par poora ho gaya. raqam {amount} pkr aur hawala {trxid} hai.
0,Mobile Wallet Transfer Confirmation,{BRAND} account: {AMOUNT} PKR ki muntaqili kamyab rahi. Is transaction ka record number {TRXID} hai.,{brand} account: {amount} pkr ki muntaqili kamyab rahi. is transaction ka record number {trxid} hai.
0,Mobile Wallet Transfer Confirmation,Aap ki {BRAND} se {AMOUNT} PKR transfer karne ki darkhwast qabool ho gayi. ID {TRXID} hai.,aap ki {brand} se {amount} pkr transfer karne ki darkhwast qabool ho gayi. id {trxid} hai.
0,Mobile Wallet Transfer Confirmation,{BRAND} par {AMOUNT} PKR ki bheji hui raqam ka len den poora ho chuka hai. Hawala number {TRXID} hai.,{brand} par {amount} pkr ki bheji hui raqam ka len den poora ho chuka hai. hawala number {trxid} hai.
0,Mobile Wallet Transfer Confirmation,{AMOUNT} PKR aap ke {BRAND} wallet se transfer hone ki tasdeeq mil gayi hai. Transaction number {TRXID}.,{amount} pkr aap ke {brand} wallet se transfer hone ki tasdeeq mil gayi hai. transaction number {trxid}.
0,Mobile Wallet Transfer Confirmation,{BRAND}: transfer ka natija kamyab raha aur {AMOUNT} PKR bhej diye gaye. ID {TRXID} mehfooz kar lein.,{brand}: transfer ka natija kamyab raha aur {amount} pkr bhej diye gaye. id {trxid} mehfooz kar lein.
0,Mobile Wallet Transfer Confirmation,Aap ke wallet {BRAND} se {AMOUNT} PKR ki payment muntaqil ho gayi hai. Is ki pehchan {TRXID} hai.,aap ke wallet {brand} se {amount} pkr ki payment muntaqil ho gayi hai. is ki pehchan {trxid} hai.
0,Mobile Wallet Transfer Confirmation,{BRAND} ki taraf se transfer ki ittila: {AMOUNT} PKR bheje ja chuke hain. Len den ka number {TRXID} hai.,{brand} ki taraf se transfer ki ittila: {amount} pkr bheje ja chuke hain. len den ka number {trxid} hai.
0,Bank Tax Deduction Notification,{BRAND} account se {AMOUNT} PKR tax ki mad mein kaat liye gaye hain.,{brand} account se {amount} pkr tax ki mad mein kaat liye gaye hain.
0,Bank Tax Deduction Notification,{AMOUNT} PKR aap ke {BRAND} account se tax ke silsile mein munha kar diye gaye. Yeh raqam bank record mein darj hai.,{amount} pkr aap ke {brand} account se tax ke silsile mein munha kar diye gaye. yeh raqam bank record mein darj hai.
0,Bank Tax Deduction Notification,{BRAND}: tax ki adaigi ke liye aap ke account se {AMOUNT} PKR ki katoti hui hai.,{brand}: tax ki adaigi ke liye aap ke account se {amount} pkr ki katoti hui hai.
0,Bank Tax Deduction Notification,Aap ke {BRAND} account mein tax ke naam par {AMOUNT} PKR ki deduction darj hui hai.,aap ke {brand} account mein tax ke naam par {amount} pkr ki deduction darj hui hai.
0,Bank Tax Deduction Notification,{AMOUNT} PKR ki tax katoti aap ke {BRAND} account par amal mein aa gayi hai.,{amount} pkr ki tax katoti aap ke {brand} account par amal mein aa gayi hai.
0,Bank Tax Deduction Notification,{BRAND} ne tax ke hawale se {AMOUNT} PKR account se kaat liye hain. Mazeed tafseel statement mein dekhein.,{brand} ne tax ke hawale se {amount} pkr account se kaat liye hain. mazeed tafseel statement mein dekhein.
0,Bank Tax Deduction Notification,Aap ke account {BRAND} se sarkari tax ki mad mein {AMOUNT} PKR minus hue hain.,aap ke account {brand} se sarkari tax ki mad mein {amount} pkr minus hue hain.
0,Bank Tax Deduction Notification,{BRAND}: account balance se {AMOUNT} PKR tax ke taur par wasool kiye gaye hain.,{brand}: account balance se {amount} pkr tax ke taur par wasool kiye gaye hain.
0,Bank Tax Deduction Notification,Tax adjustment ke baad {BRAND} account se {AMOUNT} PKR ki katoti record hui hai.,tax adjustment ke baad {brand} account se {amount} pkr ki katoti record hui hai.
0,Bank Tax Deduction Notification,{AMOUNT} PKR ki raqam {BRAND} account mein tax deduction ke taur par darj kar di gayi hai.,{amount} pkr ki raqam {brand} account mein tax deduction ke taur par darj kar di gayi hai.
0,Bank Tax Deduction Notification,Aap ke {BRAND} account ki aaj ki activity mein {AMOUNT} PKR tax katoti shamil hai.,aap ke {brand} account ki aaj ki activity mein {amount} pkr tax katoti shamil hai.
0,Bank Tax Deduction Notification,{BRAND} account se tax ke liye {AMOUNT} PKR nikalne ki ittila hai.,{brand} account se tax ke liye {amount} pkr nikalne ki ittila hai.
0,Bank Tax Deduction Notification,Tax se mutaliq {AMOUNT} PKR ki katoti aap ke {BRAND} account par mukammal ho chuki hai.,tax se mutaliq {amount} pkr ki katoti aap ke {brand} account par mukammal ho chuki hai.
0,Bank Tax Deduction Notification,{BRAND}: {AMOUNT} PKR tax ki mad mein account balance se adjust kar diye gaye hain.,{brand}: {amount} pkr tax ki mad mein account balance se adjust kar diye gaye hain.
0,Bank Tax Deduction Notification,Aap ki banking statement mein {AMOUNT} PKR tax deduction ke taur par nazar aayegi. Account {BRAND} hai.,aap ki banking statement mein {amount} pkr tax deduction ke taur par nazar aayegi. account {brand} hai.
0,Bank Tax Deduction Notification,{BRAND} mein tax ki katoti ka amal poora ho gaya; {AMOUNT} PKR account se kam hue hain.,{brand} mein tax ki katoti ka amal poora ho gaya; {amount} pkr account se kam hue hain.
0,Bank Tax Deduction Notification,{AMOUNT} PKR aap ke {BRAND} account se tax ki surat mein munha kiye gaye hain.,{amount} pkr aap ke {brand} account se tax ki surat mein munha kiye gaye hain.
0,Bank Tax Deduction Notification,{BRAND}: tax deduction ki raqam {AMOUNT} PKR hai aur yeh aap ke account se adjust ho chuki hai.,{brand}: tax deduction ki raqam {amount} pkr hai aur yeh aap ke account se adjust ho chuki hai.
0,Bank Deposit Notification,{BRAND} account mein {AMOUNT} PKR jama ho gaye hain. Naya balance statement mein dekhein.,{brand} account mein {amount} pkr jama ho gaye hain. naya balance statement mein dekhein.
0,Bank Deposit Notification,{AMOUNT} PKR aap ke {BRAND} account mein jama hone ki ittila hai.,{amount} pkr aap ke {brand} account mein jama hone ki ittila hai.
0,Bank Deposit Notification,{BRAND}: aap ke account mein {AMOUNT} PKR ki jama raqam darj kar di gayi hai.,{brand}: aap ke account mein {amount} pkr ki jama raqam darj kar di gayi hai.
0,Bank Deposit Notification,Aap ke {BRAND} account mein {AMOUNT} PKR deposit kiye gaye hain. Raqam account mein shamil ho chuki hai.,aap ke {brand} account mein {amount} pkr deposit kiye gaye hain. raqam account mein shamil ho chuki hai.
0,Bank Deposit Notification,{AMOUNT} PKR ki jama shuda raqam {BRAND} account mein nazar aa rahi hai.,{amount} pkr ki jama shuda raqam {brand} account mein nazar aa rahi hai.
0,Bank Deposit Notification,{BRAND} mein paisay jama karne ka amal mukammal ho gaya. Jama raqam {AMOUNT} PKR hai.,{brand} mein paisay jama karne ka amal mukammal ho gaya. jama raqam {amount} pkr hai.
0,Bank Deposit Notification,Aap ke account {BRAND} mein {AMOUNT} PKR receive hone ka record ban gaya hai.,aap ke account {brand} mein {amount} pkr receive hone ka record ban gaya hai.
0,Bank Deposit Notification,{BRAND}: {AMOUNT} PKR account balance mein shamil kar diye gaye hain.,{brand}: {amount} pkr account balance mein shamil kar diye gaye hain.
0,Bank Deposit Notification,{AMOUNT} PKR ki nayi jama raqam aap ke {BRAND} account ke ledger mein darj hai.,{amount} pkr ki nayi jama raqam aap ke {brand} account ke ledger mein darj hai.
0,Bank Deposit Notification,Deposit ki ittila: {BRAND} account mein {AMOUNT} PKR aa gaye hain.,deposit ki ittila: {brand} account mein {amount} pkr aa gaye hain.
0,Bank Deposit Notification,Aap ke {BRAND} bank account mein {AMOUNT} PKR jama hone ki tasdeeq mil gayi hai.,aap ke {brand} bank account mein {amount} pkr jama hone ki tasdeeq mil gayi hai.
0,Bank Deposit Notification,{BRAND} account ki jama raqam mein {AMOUNT} PKR ka izafa hua hai.,{brand} account ki jama raqam mein {amount} pkr ka izafa hua hai.
0,Bank Deposit Notification,{AMOUNT} PKR aap ke {BRAND} account ke liye jama transaction ke zariye receive hue.,{amount} pkr aap ke {brand} account ke liye jama transaction ke zariye receive hue.
0,Bank Deposit Notification,{BRAND}: account mein aane wali {AMOUNT} PKR ki raqam successfully jama ho gayi hai.,{brand}: account mein aane wali {amount} pkr ki raqam successfully jama ho gayi hai.
0,Bank Deposit Notification,Aaj {BRAND} account mein {AMOUNT} PKR deposit hone ka record bana hai.,aaj {brand} account mein {amount} pkr deposit hone ka record bana hai.
0,Bank Deposit Notification,{AMOUNT} PKR jama kar diye gaye hain aur yeh raqam aap ke {BRAND} account mein maujood hai.,{amount} pkr jama kar diye gaye hain aur yeh raqam aap ke {brand} account mein maujood hai.
0,Bank Deposit Notification,{BRAND} par jama transaction mukammal hai; account mein {AMOUNT} PKR add hue hain.,{brand} par jama transaction mukammal hai; account mein {amount} pkr add hue hain.
0,Bank Deposit Notification,Aap ke {BRAND} account ke liye {AMOUNT} PKR ki deposit entry lag gayi hai.,aap ke {brand} account ke liye {amount} pkr ki deposit entry lag gayi hai.
0,Salary Credit Notification,{BRAND} account mein aap ki tankhwa {AMOUNT} PKR jama kar di gayi hai.,{brand} account mein aap ki tankhwa {amount} pkr jama kar di gayi hai.
0,Salary Credit Notification,Aap ki mahana tankhwa {AMOUNT} PKR {BRAND} account mein receive ho gayi hai.,aap ki mahana tankhwa {amount} pkr {brand} account mein receive ho gayi hai.
0,Salary Credit Notification,"{BRAND}: salary credit ki ittila, {AMOUNT} PKR account mein jama hue hain.","{brand}: salary credit ki ittila, {amount} pkr account mein jama hue hain."
0,Salary Credit Notification,{AMOUNT} PKR ki tankhwa aap ke {BRAND} account mein daal di gayi hai.,{amount} pkr ki tankhwa aap ke {brand} account mein daal di gayi hai.
0,Salary Credit Notification,Aap ke {BRAND} account mein is mahine ki salary {AMOUNT} PKR credit hui hai.,aap ke {brand} account mein is mahine ki salary {amount} pkr credit hui hai.
0,Salary Credit Notification,Tankhwa ki raqam {AMOUNT} PKR aap ke {BRAND} account mein aa gayi hai.,tankhwa ki raqam {amount} pkr aap ke {brand} account mein aa gayi hai.
0,Salary Credit Notification,{BRAND} account: mahana ujrat ki {AMOUNT} PKR raqam jama ho chuki hai.,{brand} account: mahana ujrat ki {amount} pkr raqam jama ho chuki hai.
0,Salary Credit Notification,Aap ki salary ka {AMOUNT} PKR wala credit {BRAND} account mein darj ho gaya hai.,aap ki salary ka {amount} pkr wala credit {brand} account mein darj ho gaya hai.
0,Salary Credit Notification,{BRAND} mein tankhwa jama hone ki tasdeeq ho gayi. Raqam {AMOUNT} PKR hai.,{brand} mein tankhwa jama hone ki tasdeeq ho gayi. raqam {amount} pkr hai.
0,Salary Credit Notification,{AMOUNT} PKR salary ke taur par aap ke {BRAND} account mein receive hue.,{amount} pkr salary ke taur par aap ke {brand} account mein receive hue.
0,Salary Credit Notification,Aaj aap ke {BRAND} account mein tankhwa ki {AMOUNT} PKR entry hui hai.,aaj aap ke {brand} account mein tankhwa ki {amount} pkr entry hui hai.
0,Salary Credit Notification,{BRAND}: aap ki naukri ki mahana tankhwa {AMOUNT} PKR account balance mein shamil hai.,{brand}: aap ki naukri ki mahana tankhwa {amount} pkr account balance mein shamil hai.
0,Salary Credit Notification,Salary payment {AMOUNT} PKR aap ke {BRAND} account tak pohanch gayi hai.,salary payment {amount} pkr aap ke {brand} account tak pohanch gayi hai.
0,Salary Credit Notification,{AMOUNT} PKR ki salary {BRAND} account mein credit kar di gayi hai.,{amount} pkr ki salary {brand} account mein credit kar di gayi hai.
0,Salary Credit Notification,Aap ke {BRAND} account mein tankhwa ka credit record {AMOUNT} PKR ke sath bana hai.,aap ke {brand} account mein tankhwa ka credit record {amount} pkr ke sath bana hai.
0,Salary Credit Notification,{BRAND} account mein is mahine ki tankhwa mil gayi; jama raqam {AMOUNT} PKR hai.,{brand} account mein is mahine ki tankhwa mil gayi; jama raqam {amount} pkr hai.
0,Salary Credit Notification,Tankhwa ki adaigi poori ho gayi hai: {AMOUNT} PKR aap ke {BRAND} account mein jama hui hai.,tankhwa ki adaigi poori ho gayi hai: {amount} pkr aap ke {brand} account mein jama hui hai.
0,Salary Credit Notification,{BRAND}: salary ki {AMOUNT} PKR raqam account mein shamil hone ki ittila hai.,{brand}: salary ki {amount} pkr raqam account mein shamil hone ki ittila hai.
0,Bank ATM Transaction Alert,{BRAND} card se ATM par {AMOUNT} PKR ki raqam nikali gayi hai. Agar yeh aap ka amal nahi tha to bank se rabta karein.,{brand} card se atm par {amount} pkr ki raqam nikali gayi hai. agar yeh aap ka amal nahi tha to bank se rabta karein.
0,Bank ATM Transaction Alert,ATM transaction ke zariye {BRAND} account se {AMOUNT} PKR nikle hain. Isay apni activity se milayein.,atm transaction ke zariye {brand} account se {amount} pkr nikle hain. isay apni activity se milayein.
0,Bank ATM Transaction Alert,{BRAND}: aap ke card par ATM cash withdrawal {AMOUNT} PKR ki record hui hai. Na ki ho to foran ittila dein.,{brand}: aap ke card par atm cash withdrawal {amount} pkr ki record hui hai. na ki ho to foran ittila dein.
0,Bank ATM Transaction Alert,Aap ke {BRAND} debit card se ATM par {AMOUNT} PKR nikalne ka len den darj hua hai.,aap ke {brand} debit card se atm par {amount} pkr nikalne ka len den darj hua hai.
0,Bank ATM Transaction Alert,{AMOUNT} PKR ki cash withdrawal {BRAND} card ke zariye hui hai. Agar aap ne nahi nikale to bank ko batayein.,{amount} pkr ki cash withdrawal {brand} card ke zariye hui hai. agar aap ne nahi nikale to bank ko batayein.
0,Bank ATM Transaction Alert,{BRAND} ATM alert: card se {AMOUNT} PKR cash hasil kiya gaya hai. Yeh transaction aap ki hai to nazarandaz karein.,{brand} atm alert: card se {amount} pkr cash hasil kiya gaya hai. yeh transaction aap ki hai to nazarandaz karein.
0,Bank ATM Transaction Alert,ATM se {AMOUNT} PKR ki raqam aap ke {BRAND} card account par charge hui hai.,atm se {amount} pkr ki raqam aap ke {brand} card account par charge hui hai.
0,Bank ATM Transaction Alert,{BRAND}: ATM cash transaction {AMOUNT} PKR ki hai. Apne account record mein is ki tasdeeq kar lein.,{brand}: atm cash transaction {amount} pkr ki hai. apne account record mein is ki tasdeeq kar lein.
0,Bank ATM Transaction Alert,Aap ke card {BRAND} se ATM withdrawal ki ittila mili hai; raqam {AMOUNT} PKR hai.,aap ke card {brand} se atm withdrawal ki ittila mili hai; raqam {amount} pkr hai.
0,Bank ATM Transaction Alert,{AMOUNT} PKR ATM se nikalne ka record {BRAND} account par ban gaya hai.,{amount} pkr atm se nikalne ka record {brand} account par ban gaya hai.
0,Bank ATM Transaction Alert,{BRAND} debit card ki ATM activity mein {AMOUNT} PKR ki cash nikasi darj hui.,{brand} debit card ki atm activity mein {amount} pkr ki cash nikasi darj hui.
0,Bank ATM Transaction Alert,ATM par aap ke {BRAND} card ki transaction hui aur {AMOUNT} PKR nikale gaye.,atm par aap ke {brand} card ki transaction hui aur {amount} pkr nikale gaye.
0,Bank ATM Transaction Alert,"{BRAND}: card se cash nikalne ki request poori hui, kul raqam {AMOUNT} PKR hai.","{brand}: card se cash nikalne ki request poori hui, kul raqam {amount} pkr hai."
0,Bank ATM Transaction Alert,Aap ke {BRAND} card ki ATM withdrawal {AMOUNT} PKR ke sath mukammal hui hai.,aap ke {brand} card ki atm withdrawal {amount} pkr ke sath mukammal hui hai.
0,Bank ATM Transaction Alert,{AMOUNT} PKR ki ATM cash nikasi aap ke {BRAND} account ki transaction list mein shamil hai.,{amount} pkr ki atm cash nikasi aap ke {brand} account ki transaction list mein shamil hai.
0,Bank ATM Transaction Alert,{BRAND} account se ATM ke zariye {AMOUNT} PKR cash withdrawal hui hai. Apni activity check karein.,{brand} account se atm ke zariye {amount} pkr cash withdrawal hui hai. apni activity check karein.
0,Bank ATM Transaction Alert,ATM alert: {BRAND} card par {AMOUNT} PKR ki cash transaction darj hui hai.,atm alert: {brand} card par {amount} pkr ki cash transaction darj hui hai.
0,Bank ATM Transaction Alert,Aap ke {BRAND} card se ATM cash lene ki entry {AMOUNT} PKR ke sath record hui hai.,aap ke {brand} card se atm cash lene ki entry {amount} pkr ke sath record hui hai.
0,Utility Bill Payment Reminder,{AMOUNT} PKR ka aap ka IESCO bill ada hona baqi hai. Akhri tareekh se pehle jama kar dein.,{amount} pkr ka aap ka {BRAND} bill ada hona baqi hai. akhri tareekh se pehle jama kar dein.
0,Utility Bill Payment Reminder,WASA ka is mahine ka bill {AMOUNT} PKR hai. Due date tak adaigi karna na bhoolen.,{BRAND} ka is mahine ka bill {amount} pkr hai. due date tak adaigi karna na bhoolen.
0,Utility Bill Payment Reminder,K-Electric yaad dehani: aap ka {AMOUNT} PKR bill abhi ada nahi hua. Barah-e-karam waqt par jama karein.,k-electric yaad dehani: aap ka {amount} pkr bill abhi ada nahi hua. barah-e-karam waqt par jama karein.
0,Utility Bill Payment Reminder,{AMOUNT} PKR ka PTCL bill aap ke liye baqi hai. Mohlat khatam hone se pehle ada kar dein.,{amount} pkr ka ptcl bill aap ke liye baqi hai. mohlat khatam hone se pehle ada kar dein.
0,Utility Bill Payment Reminder,Sui Gas ka {AMOUNT} PKR bill abhi baki hai. Due date guzarne se pehle payment kar dein.,sui gas ka {amount} pkr bill abhi baki hai. due date guzarne se pehle payment kar dein.
0,Utility Bill Payment Reminder,IESCO ki taraf se yaad dehani: {AMOUNT} PKR ki bill raqam ada karna baqi hai.,{BRAND} ki taraf se yaad dehani: {amount} pkr ki bill raqam ada karna baqi hai.
0,Utility Bill Payment Reminder,Aap ke WASA bill ki raqam {AMOUNT} PKR hai aur adaigi ki tareekh qareeb hai.,aap ke {BRAND} bill ki raqam {amount} pkr hai aur adaigi ki tareekh qareeb hai.
0,Utility Bill Payment Reminder,{AMOUNT} PKR ka K-Electric bill abhi outstanding hai. Akhri tareekh ka intezar na karein.,{amount} pkr ka k-electric bill abhi outstanding hai. akhri tareekh ka intezar na karein.
0,Utility Bill Payment Reminder,PTCL bill {AMOUNT} PKR: adaigi abhi baki hai. Due date se pehle bill jama karwa dein.,ptcl bill {amount} pkr: adaigi abhi baki hai. due date se pehle bill jama karwa dein.
0,Utility Bill Payment Reminder,Sui Gas ka bill {AMOUNT} PKR hai; waqt par adaigi na hui to late charges lag sakte hain.,sui gas ka bill {amount} pkr hai; waqt par adaigi na hui to late charges lag sakte hain.
0,Utility Bill Payment Reminder,Is mahine IESCO ko {AMOUNT} PKR ada karna hai. Barah-e-karam due date se pehle bill clear karein.,is mahine {BRAND} ko {amount} pkr ada karna hai. barah-e-karam due date se pehle bill clear karein.
0,Utility Bill Payment Reminder,{AMOUNT} PKR ki WASA bill payment abhi pending hai. Adaigi ki tareekh qareeb hai.,{amount} pkr ki {BRAND} bill payment abhi pending hai. adaigi ki tareekh qareeb hai.
0,Utility Bill Payment Reminder,K-Electric: aap ka {AMOUNT} PKR bill baki hai. Waqt par adaigi ke liye is paigham ko yaad rakhein.,k-electric: aap ka {amount} pkr bill baki hai. waqt par adaigi ke liye is paigham ko yaad rakhein.
0,Utility Bill Payment Reminder,PTCL ki janib se bill yaad dehani: {AMOUNT} PKR ada karna reh gaya hai.,ptcl ki janib se bill yaad dehani: {amount} pkr ada karna reh gaya hai.
0,Utility Bill Payment Reminder,Sui Gas account ka {AMOUNT} PKR bill jama nahi hua. Due date se pehle ada kar dein.,sui gas account ka {amount} pkr bill jama nahi hua. due date se pehle ada kar dein.
0,Utility Bill Payment Reminder,IESCO bill ki adaigi ke liye {AMOUNT} PKR baki hain. Akhri tareekh ke baad jurmana ho sakta hai.,{BRAND} bill ki adaigi ke liye {amount} pkr baki hain. akhri tareekh ke baad jurmana ho sakta hai.
0,Utility Bill Payment Reminder,WASA: {AMOUNT} PKR ka bill aap ke account par baki hai. Barah-e-karam waqt par ada karein.,{BRAND}: {amount} pkr ka bill aap ke account par baki hai. barah-e-karam waqt par ada karein.
0,Utility Bill Payment Reminder,{AMOUNT} PKR ka utility bill pending hai; jis idare ka bill hai us ki due date se pehle payment kar dein.,{amount} pkr ka utility bill pending hai; jis idare ka bill hai us ki due date se pehle payment kar dein.
0,Traffic Challan Notification,PSCA: aap ki gari ka {AMOUNT} PKR ka e-challan darj hua hai. Waqt par adaigi kar dein.,{BRAND}: aap ki gari ka {amount} pkr ka e-challan darj hua hai. waqt par adaigi kar dein.
0,Traffic Challan Notification,Traffic Police ki ittila: aap ke naam par {AMOUNT} PKR ka challan bana hai. PSCA ke zariye record check karein.,traffic police ki ittila: aap ke naam par {amount} pkr ka challan bana hai. {BRAND} ke zariye record check karein.
0,Traffic Challan Notification,PSCA ke record mein aap ki gari ka traffic jurmana {AMOUNT} PKR darj hai. Akhri tareekh se pehle jama karein.,{BRAND} ke record mein aap ki gari ka traffic jurmana {amount} pkr darj hai. akhri tareekh se pehle jama karein.
0,Traffic Challan Notification,Aap ki gari ke khilaf {AMOUNT} PKR ka e-challan generate hua hai. Adaigi mein dair na karein.,aap ki gari ke khilaf {amount} pkr ka e-challan generate hua hai. adaigi mein dair na karein.
0,Traffic Challan Notification,Traffic challan ki raqam {AMOUNT} PKR hai. PSCA record ke mutabiq isay muqarrara waqt mein ada karein.,traffic challan ki raqam {amount} pkr hai. {BRAND} record ke mutabiq isay muqarrara waqt mein ada karein.
0,Traffic Challan Notification,PSCA: traffic violation ke silsile mein {AMOUNT} PKR ka challan aap ke record par maujood hai.,{BRAND}: traffic violation ke silsile mein {amount} pkr ka challan aap ke record par maujood hai.
0,Traffic Challan Notification,{AMOUNT} PKR ka e-challan aap ki gari ke liye issue hua hai. Due date se pehle is ki adaigi karein.,{amount} pkr ka e-challan aap ki gari ke liye issue hua hai. due date se pehle is ki adaigi karein.
0,Traffic Challan Notification,Traffic Police ne aap ki gari ka {AMOUNT} PKR jurmana record kiya hai. Tafseel PSCA record mein dekhein.,traffic police ne aap ki gari ka {amount} pkr jurmana record kiya hai. tafseel {BRAND} record mein dekhein.
0,Traffic Challan Notification,PSCA alert: aap ke vehicle record mein {AMOUNT} PKR ki challan entry shamil hui hai.,{BRAND} alert: aap ke vehicle record mein {amount} pkr ki challan entry shamil hui hai.
0,Traffic Challan Notification,Aap ka traffic e-challan {AMOUNT} PKR ka hai. Barah-e-karam muqarrara tareekh tak adaigi kar dein.,aap ka traffic e-challan {amount} pkr ka hai. barah-e-karam muqarrara tareekh tak adaigi kar dein.
0,Traffic Challan Notification,{AMOUNT} PKR traffic fine aap ki gari ke record mein darj hua hai. PSCA par is ki tasdeeq karein.,{amount} pkr traffic fine aap ki gari ke record mein darj hua hai. {BRAND} par is ki tasdeeq karein.
0,Traffic Challan Notification,PSCA ke mutabiq aap par {AMOUNT} PKR ka challan baqi hai. Akhri tareekh se pehle payment karein.,{BRAND} ke mutabiq aap par {amount} pkr ka challan baqi hai. akhri tareekh se pehle payment karein.
0,Traffic Challan Notification,Traffic Police: challan ki raqam {AMOUNT} PKR hai aur is ki adaigi abhi baki hai.,traffic police: challan ki raqam {amount} pkr hai aur is ki adaigi abhi baki hai.
0,Traffic Challan Notification,Aap ki gari se mutaliq naya e-challan darj hua; jurmane ki raqam {AMOUNT} PKR hai.,aap ki gari se mutaliq naya e-challan darj hua; jurmane ki raqam {amount} pkr hai.
0,Traffic Challan Notification,PSCA traffic record mein {AMOUNT} PKR ka fine add hua hai. Waqt par adaigi zaroor karein.,{BRAND} traffic record mein {amount} pkr ka fine add hua hai. waqt par adaigi zaroor karein.
0,Traffic Challan Notification,{AMOUNT} PKR ka traffic challan aap ke vehicle record mein maujood hai. Due date ka khayal rakhein.,{amount} pkr ka traffic challan aap ke vehicle record mein maujood hai. due date ka khayal rakhein.
0,Traffic Challan Notification,Traffic violation ki wajah se {AMOUNT} PKR ka challan issue hua hai. PSCA record mein tafseel mojood hai.,traffic violation ki wajah se {amount} pkr ka challan issue hua hai. {BRAND} record mein tafseel mojood hai.
0,Traffic Challan Notification,PSCA: aap ke vehicle ke liye {AMOUNT} PKR ka traffic fine record hua hai. Adaigi muqarrara waqt mein karein.,{BRAND}: aap ke vehicle ke liye {amount} pkr ka traffic fine record hua hai. adaigi muqarrara waqt mein karein.
0,Utility Bill Cleared Notification,IESCO: aap ka pichla bill poori tarah ada ho gaya hai. Ab koi baki raqam nahi.,{BRAND}: aap ka pichla bill poori tarah ada ho gaya hai. ab koi baki raqam nahi.
0,Utility Bill Cleared Notification,WASA ka bill clear ho chuka hai aur aap ke account par baki raqam 0 PKR hai.,{BRAND} ka bill clear ho chuka hai aur aap ke account par baki raqam {AMOUNT} pkr hai.
0,Utility Bill Cleared Notification,K-Electric: aap ki bill payment receive ho gayi hai. Pichla bill ab ada shuda hai.,k-electric: aap ki bill payment receive ho gayi hai. pichla bill ab ada shuda hai.
0,Utility Bill Cleared Notification,PTCL ki taraf se ittila hai ke aap ka bill clear ho gaya hai. Koi baki adaigi nahi.,ptcl ki taraf se ittila hai ke aap ka bill clear ho gaya hai. koi baki adaigi nahi.
0,Utility Bill Cleared Notification,Sui Gas bill ki adaigi mukammal ho gayi hai. Pichli raqam ab baki nahi.,sui gas bill ki adaigi mukammal ho gayi hai. pichli raqam ab baki nahi.
0,Utility Bill Cleared Notification,IESCO account mein bill payment darj ho chuki hai aur baki bill 0 PKR hai.,{BRAND} account mein bill payment darj ho chuki hai aur baki bill {AMOUNT} pkr hai.
0,Utility Bill Cleared Notification,Aap ka WASA bill jama ho gaya hai. Pichle bill ki tamam raqam clear hai.,aap ka {BRAND} bill jama ho gaya hai. pichle bill ki tamam raqam clear hai.
0,Utility Bill Cleared Notification,K-Electric ne aap ki bill payment receive kar li hai; pichla balance khatam ho gaya.,k-electric ne aap ki bill payment receive kar li hai; pichla balance khatam ho gaya.
0,Utility Bill Cleared Notification,PTCL: aap ke bill ki adaigi mukammal hai. Is waqt koi baki raqam nahi.,ptcl: aap ke bill ki adaigi mukammal hai. is waqt koi baki raqam nahi.
0,Utility Bill Cleared Notification,Sui Gas ki janib se tasdeeq: aap ka pichla bill ada kar diya gaya hai.,sui gas ki janib se tasdeeq: aap ka pichla bill ada kar diya gaya hai.
0,Utility Bill Cleared Notification,IESCO ka bill clear hone ki ittila hai. Aap ke pichle bill par koi baki nahi.,{BRAND} ka bill clear hone ki ittila hai. aap ke pichle bill par koi baki nahi.
0,Utility Bill Cleared Notification,WASA account mein adaigi darj ho gayi hai aur pichla bill bandobast ho chuka hai.,{BRAND} account mein adaigi darj ho gayi hai aur pichla bill bandobast ho chuka hai.
0,Utility Bill Cleared Notification,K-Electric bill successfully clear ho gaya hai. Aap ki pichli adaigi record mein hai.,k-electric bill successfully clear ho gaya hai. aap ki pichli adaigi record mein hai.
0,Utility Bill Cleared Notification,PTCL bill ki tamam baki raqam ada ho gayi hai. Account clear hai.,ptcl bill ki tamam baki raqam ada ho gayi hai. account clear hai.
0,Utility Bill Cleared Notification,Sui Gas: pichla bill ada ho chuka hai aur ab us par koi baki amount nahi.,sui gas: pichla bill ada ho chuka hai aur ab us par koi baki amount nahi.
0,Utility Bill Cleared Notification,Aap ki IESCO bill payment qabool ho gayi hai. Pichla bill ab clear hai.,aap ki {BRAND} bill payment qabool ho gayi hai. pichla bill ab clear hai.
0,Utility Bill Cleared Notification,WASA ki bill adaigi poori hone ke baad pichli baki raqam khatam ho gayi hai.,{BRAND} ki bill adaigi poori hone ke baad pichli baki raqam khatam ho gayi hai.
0,Utility Bill Cleared Notification,K-Electric ki taraf se bill clearance ki tasdeeq hai; pichla bill ab baki nahi.,k-electric ki taraf se bill clearance ki tasdeeq hai; pichla bill ab baki nahi.
1,Phishing - Reward/Lottery Scam,Khushkhabri! Aap ka Eid inaam nikal aya hai. Inaam hasil karne ke liye {PHONE} par apni {BRAND} account maloomat bhejein.,khushkhabri! aap ka eid inaam nikal aya hai. inaam hasil karne ke liye {phone} par apni {brand} account maloomat bhejein.
1,Phishing - Reward/Lottery Scam,"Mubarak ho, aap ko PSL giveaway mein inaam mila hai. Claim mukammal karne ke liye {PHONE} par rabta karein.","mubarak ho, aap ko psl giveaway mein inaam mila hai. claim mukammal karne ke liye {phone} par rabta karein."
1,Phishing - Reward/Lottery Scam,Aap ka loyalty bonus {AMOUNT} PKR approve hua hai. Processing ke liye {PHONE} par apna account number bhejein.,aap ka loyalty bonus {amount} pkr approve hua hai. processing ke liye {phone} par apna account number bhejein.
1,Phishing - Reward/Lottery Scam,Final notice: giveaway ka {AMOUNT} PKR inaam aaj claim karna hai. Tasdeeq ke liye {PHONE} par rabta karein.,final notice: giveaway ka {amount} pkr inaam aaj claim karna hai. tasdeeq ke liye {phone} par rabta karein.
1,Phishing - Reward/Lottery Scam,Aap ka naam Eid lucky draw mein aya hai aur inaam {AMOUNT} PKR hai. Raqam jari karwane ke liye {PHONE} par tafseel dein.,aap ka naam eid lucky draw mein aya hai aur inaam {amount} pkr hai. raqam jari karwane ke liye {phone} par tafseel dein.
1,Phishing - Reward/Lottery Scam,{BRAND} customer giveaway mein aap ko {AMOUNT} PKR ka bonus mila hai. Claim fee ki tasdeeq ke liye {PHONE} par call karein.,{brand} customer giveaway mein aap ko {amount} pkr ka bonus mila hai. claim fee ki tasdeeq ke liye {phone} par call karein.
1,Phishing - Reward/Lottery Scam,Jeet ki ittila: aap ka reward {AMOUNT} PKR hai. Inaam transfer karne se pehle {PHONE} par apni banking maloomat bhejein.,jeet ki ittila: aap ka reward {amount} pkr hai. inaam transfer karne se pehle {phone} par apni banking maloomat bhejein.
1,Phishing - Reward/Lottery Scam,Aap ko special shopping reward diya gaya hai. {AMOUNT} PKR lene ke liye {PHONE} par claim details bhejna zaroori hai.,aap ko special shopping reward diya gaya hai. {amount} pkr lene ke liye {phone} par claim details bhejna zaroori hai.
1,Phishing - Reward/Lottery Scam,Ramzan bonus draw mein aap ka naam select hua hai. {AMOUNT} PKR hasil karne ke liye {PHONE} par rabta karein.,ramzan bonus draw mein aap ka naam select hua hai. {amount} pkr hasil karne ke liye {phone} par rabta karein.
1,Phishing - Reward/Lottery Scam,Reward claim ki muddat aaj khatam ho rahi hai. Apna {AMOUNT} PKR inaam lene ke liye {PHONE} par foran rabta karein.,reward claim ki muddat aaj khatam ho rahi hai. apna {amount} pkr inaam lene ke liye {phone} par foran rabta karein.
1,Phishing - Reward/Lottery Scam,Customer bonus ke liye aap select hue hain. {AMOUNT} PKR release karwane ke liye {PHONE} par processing maloomat bhejein.,customer bonus ke liye aap select hue hain. {amount} pkr release karwane ke liye {phone} par processing maloomat bhejein.
1,Phishing - Reward/Lottery Scam,Aap ka festival draw reward {AMOUNT} PKR hai. Inaam rok diya jayega agar {PHONE} par aaj tasdeeq na hui.,aap ka festival draw reward {amount} pkr hai. inaam rok diya jayega agar {phone} par aaj tasdeeq na hui.
1,Phishing - Reward/Lottery Scam,Special lucky number selection mein aap ko {AMOUNT} PKR ka inaam mila hai. Claim ke liye {PHONE} par call karein.,special lucky number selection mein aap ko {amount} pkr ka inaam mila hai. claim ke liye {phone} par call karein.
1,Phishing - Reward/Lottery Scam,Cash giveaway ki taraf se aap ke liye {AMOUNT} PKR ka reward tayar hai. Raqam lene ke liye {PHONE} par apni {BRAND} details bhejein.,cash giveaway ki taraf se aap ke liye {amount} pkr ka reward tayar hai. raqam lene ke liye {phone} par apni {brand} details bhejein.
1,Phishing - Reward/Lottery Scam,Reward department ki ittila: aap ka {AMOUNT} PKR prize abhi unclaimed hai. Verification ke liye {PHONE} par rabta zaroor karein.,reward department ki ittila: aap ka {amount} pkr prize abhi unclaimed hai. verification ke liye {phone} par rabta zaroor karein.
1,Phishing - Account Block Threat,{BRAND} account ki security tasdeeq mukammal nahi hui. Aaj rabta na kiya to account band kar diya jayega; {PHONE} par call karein.,{brand} account ki security tasdeeq mukammal nahi hui. aaj rabta na kiya to account band kar diya jayega; {phone} par call karein.
1,Phishing - Account Block Threat,Aap ka {BRAND} account review mein hai aur band hone wala hai. Block hatwane ke liye {PHONE} par foran rabta karein.,aap ka {brand} account review mein hai aur band hone wala hai. block hatwane ke liye {phone} par foran rabta karein.
1,Phishing - Account Block Threat,System ne aap ke {BRAND} account mein ghair mamooli activity pakri hai. Account bachane ke liye {PHONE} par details dein.,system ne aap ke {brand} account mein ghair mamooli activity pakri hai. account bachane ke liye {phone} par details dein.
1,Phishing - Account Block Threat,{BRAND} ki taraf se akhri tanbeeh: account verification pending hai. {PHONE} par rabta na hua to access rok diya jayega.,{brand} ki taraf se akhri tanbeeh: account verification pending hai. {phone} par rabta na hua to access rok diya jayega.
1,Phishing - Account Block Threat,Aap ke {BRAND} account ka KYC record mukammal nahi. Aaj {PHONE} par maloomat bhej kar account band hone se bachayein.,aap ke {brand} account ka kyc record mukammal nahi. aaj {phone} par maloomat bhej kar account band hone se bachayein.
1,Phishing - Account Block Threat,Account compliance maslay ki wajah se {BRAND} service suspend hone wali hai. Is number {PHONE} par foran rabta karein.,account compliance maslay ki wajah se {brand} service suspend hone wali hai. is number {phone} par foran rabta karein.
1,Phishing - Account Block Threat,{BRAND}: aap ka account temporary restriction mein hai. Restriction hatane ke liye {PHONE} par apni details bhejein.,{brand}: aap ka account temporary restriction mein hai. restriction hatane ke liye {phone} par apni details bhejein.
1,Phishing - Account Block Threat,Agar {BRAND} account ko active rakhna hai to verification abhi mukammal karein. Rabta number {PHONE} hai.,agar {brand} account ko active rakhna hai to verification abhi mukammal karein. rabta number {phone} hai.
1,Phishing - Account Block Threat,Aap ke {BRAND} account par security flag laga hai. Aaj tasdeeq na hui to account ka access band ho sakta hai; {PHONE} par call karein.,aap ke {brand} account par security flag laga hai. aaj tasdeeq na hui to account ka access band ho sakta hai; {phone} par call karein.
1,Phishing - Account Block Threat,{BRAND} account ki muddat-e-tasdeeq khatam ho gayi hai. Block hone se pehle {PHONE} par apna record update karein.,{brand} account ki muddat-e-tasdeeq khatam ho gayi hai. block hone se pehle {phone} par apna record update karein.
1,Phishing - Account Block Threat,Final warning: {BRAND} account par pabandi lagne wali hai. Verification ke liye {PHONE} par foran rabta karein.,final warning: {brand} account par pabandi lagne wali hai. verification ke liye {phone} par foran rabta karein.
1,Phishing - Account Block Threat,Aap ke {BRAND} account ki maloomat dobara tasdeeq talab karti hai. {PHONE} par details na bhejne ki surat mein access rok diya jayega.,aap ke {brand} account ki maloomat dobara tasdeeq talab karti hai. {phone} par details na bhejne ki surat mein access rok diya jayega.
1,Phishing - Account Block Threat,{BRAND} security department ki ittila: account review fail hua hai. Bandish se bachne ke liye {PHONE} par rabta karein.,{brand} security department ki ittila: account review fail hua hai. bandish se bachne ke liye {phone} par rabta karein.
1,Phishing - Account Block Threat,Account block process shuru ho gaya hai aur {BRAND} access jald band hoga. Isay rokne ke liye {PHONE} par call karein.,account block process shuru ho gaya hai aur {brand} access jald band hoga. isay rokne ke liye {phone} par call karein.
1,Phishing - Account Block Threat,{BRAND}: aap ka account suspicious activity ki wajah se review mein hai. Verification ke liye {PHONE} par tafseel dein.,{brand}: aap ka account suspicious activity ki wajah se review mein hai. verification ke liye {phone} par tafseel dein.
1,Phishing - Account Block Threat,Account ko active rakhne ki aakhri mohlat hai. {BRAND} ki tasdeeq ke liye {PHONE} par abhi rabta karein.,account ko active rakhne ki aakhri mohlat hai. {brand} ki tasdeeq ke liye {phone} par abhi rabta karein.
1,Phishing - Government Scheme Scam,BISP ki taraf se aap ke liye {AMOUNT} PKR ki madad manzoor hui hai. Raqam hasil karne ke liye {PHONE} par apni {BRAND} details dein.,{BRAND} ki taraf se aap ke liye {amount} pkr ki madad manzoor hui hai. raqam hasil karne ke liye {phone} par apni {brand} details dein.
1,Phishing - Government Scheme Scam,Nayi sarkari scheme mein aap ka naam select hua hai aur {AMOUNT} PKR milne hain. Verification ke liye {PHONE} par rabta karein.,nayi sarkari scheme mein aap ka naam select hua hai aur {amount} pkr milne hain. verification ke liye {phone} par rabta karein.
1,Phishing - Government Scheme Scam,BISP relief payment {AMOUNT} PKR tay hui hai. Jari karwane ke liye {PHONE} par account maloomat bhejna zaroori hai.,{BRAND} relief payment {amount} pkr tay hui hai. jari karwane ke liye {phone} par account maloomat bhejna zaroori hai.
1,Phishing - Government Scheme Scam,NADRA record ke mutabiq aap scheme benefit ke liye muntakhib hue hain. {AMOUNT} PKR lene ke liye {PHONE} par tafseel dein.,nadra record ke mutabiq aap scheme benefit ke liye muntakhib hue hain. {amount} pkr lene ke liye {phone} par tafseel dein.
1,Phishing - Government Scheme Scam,Sarkari imdadi program ka pending benefit {AMOUNT} PKR hai. Claim complete karne ke liye {PHONE} par rabta karein.,sarkari imdadi program ka pending benefit {amount} pkr hai. claim complete karne ke liye {phone} par rabta karein.
1,Phishing - Government Scheme Scam,BISP ke naye marhalay mein aap ka benefit approve hua hai. {AMOUNT} PKR release karne ke liye {PHONE} par tasdeeq karein.,{BRAND} ke naye marhalay mein aap ka benefit approve hua hai. {amount} pkr release karne ke liye {phone} par tasdeeq karein.
1,Phishing - Government Scheme Scam,Aap ke gharane ke liye government relief {AMOUNT} PKR manzoor bataya gaya hai. Payment lene ke liye {PHONE} par apni banking details dein.,aap ke gharane ke liye government relief {amount} pkr manzoor bataya gaya hai. payment lene ke liye {phone} par apni banking details dein.
1,Phishing - Government Scheme Scam,Ehsaas scheme ke naam par aap ke liye {AMOUNT} PKR ka benefit tayar hai. Claim ke liye {PHONE} par rabta karein.,ehsaas scheme ke naam par aap ke liye {amount} pkr ka benefit tayar hai. claim ke liye {phone} par rabta karein.
1,Phishing - Government Scheme Scam,NADRA verification ke baad aap ko {AMOUNT} PKR scheme payment mil sakti hai. Is ke liye {PHONE} par account ki tafseel bhejein.,nadra verification ke baad aap ko {amount} pkr scheme payment mil sakti hai. is ke liye {phone} par account ki tafseel bhejein.
1,Phishing - Government Scheme Scam,BISP ki emergency madad mein aap select hue hain. {AMOUNT} PKR jari karne ke liye {PHONE} par foran tasdeeq karein.,{BRAND} ki emergency madad mein aap select hue hain. {amount} pkr jari karne ke liye {phone} par foran tasdeeq karein.
1,Phishing - Government Scheme Scam,Sarkari relief list mein aap ka naam aya hai. {AMOUNT} PKR hasil karne ke liye {PHONE} par registration details bhejein.,sarkari relief list mein aap ka naam aya hai. {amount} pkr hasil karne ke liye {phone} par registration details bhejein.
1,Phishing - Government Scheme Scam,Government benefit ki aakhri tasdeeq baki hai. {AMOUNT} PKR payment rokne se bachane ke liye {PHONE} par rabta karein.,government benefit ki aakhri tasdeeq baki hai. {amount} pkr payment rokne se bachane ke liye {phone} par rabta karein.
1,Phishing - Government Scheme Scam,BISP se mutaliq aap ka {AMOUNT} PKR benefit unclaimed hai. Raqam lene ke liye {PHONE} par apna account record bhejein.,{BRAND} se mutaliq aap ka {amount} pkr benefit unclaimed hai. raqam lene ke liye {phone} par apna account record bhejein.
1,Phishing - Government Scheme Scam,NADRA scheme record mein aap ka benefit approve dikhaya gaya hai. {AMOUNT} PKR ke liye {PHONE} par call karein.,nadra scheme record mein aap ka benefit approve dikhaya gaya hai. {amount} pkr ke liye {phone} par call karein.
1,Phishing - Government Scheme Scam,Sarkari cash program ki {AMOUNT} PKR payment aap ke naam se tayar batayi gayi hai. Claim mukammal karne ke liye {PHONE} par details dein.,sarkari cash program ki {amount} pkr payment aap ke naam se tayar batayi gayi hai. claim mukammal karne ke liye {phone} par details dein.
1,Phishing - Government Scheme Scam,BISP benefit ki muddat qareeb hai. {AMOUNT} PKR hasil karne ke liye {PHONE} par aaj hi rabta karein.,{BRAND} benefit ki muddat qareeb hai. {amount} pkr hasil karne ke liye {phone} par aaj hi rabta karein.
1,Phishing - Account Freeze (FBR) Threat,FBR ne aap ke {BRAND} account par freeze lagane ka hukm diya hai. Unfreeze karwane ke liye {PHONE} par foran rabta karein.,{BRAND} ne aap ke {brand} account par freeze lagane ka hukm diya hai. unfreeze karwane ke liye {phone} par foran rabta karein.
1,Phishing - Account Freeze (FBR) Threat,FBR ki jaanch mein aap ka {BRAND} account hold par hai. Account khulwane ke liye {PHONE} par apni details bhejein.,{BRAND} ki jaanch mein aap ka {brand} account hold par hai. account khulwane ke liye {phone} par apni details bhejein.
1,Phishing - Account Freeze (FBR) Threat,Aap ka {BRAND} account FBR compliance ki wajah se freeze hone wala hai. {PHONE} par aaj tasdeeq na hui to access rok diya jayega.,aap ka {brand} account {BRAND} compliance ki wajah se freeze hone wala hai. {phone} par aaj tasdeeq na hui to access rok diya jayega.
1,Phishing - Account Freeze (FBR) Threat,FBR: {BRAND} account ki tax verification pending hai. Freeze se bachne ke liye {PHONE} par rabta karein.,{BRAND}: {brand} account ki tax verification pending hai. freeze se bachne ke liye {phone} par rabta karein.
1,Phishing - Account Freeze (FBR) Threat,FBR record mein aap ke {BRAND} account par pabandi ka case bana hai. Release ke liye {PHONE} par maloomat dein.,{BRAND} record mein aap ke {brand} account par pabandi ka case bana hai. release ke liye {phone} par maloomat dein.
1,Phishing - Account Freeze (FBR) Threat,{BRAND} account FBR ke tax review mein freeze kar diya gaya hai. Unblock ke liye {PHONE} par foran call karein.,{brand} account {BRAND} ke tax review mein freeze kar diya gaya hai. unblock ke liye {phone} par foran call karein.
1,Phishing - Account Freeze (FBR) Threat,FBR ki taraf se akhri ittila: {BRAND} account freeze process mein hai. {PHONE} par verification karwayein.,{BRAND} ki taraf se akhri ittila: {brand} account freeze process mein hai. {phone} par verification karwayein.
1,Phishing - Account Freeze (FBR) Threat,Tax record ki tasdeeq na hone par FBR ne {BRAND} account ko rok diya hai. Khulwane ke liye {PHONE} par rabta karein.,tax record ki tasdeeq na hone par {BRAND} ne {brand} account ko rok diya hai. khulwane ke liye {phone} par rabta karein.
1,Phishing - Account Freeze (FBR) Threat,{BRAND}: FBR compliance notice ki wajah se account frozen hai. Restriction hatane ke liye {PHONE} par details bhejein.,{brand}: {BRAND} compliance notice ki wajah se account frozen hai. restriction hatane ke liye {phone} par details bhejein.
1,Phishing - Account Freeze (FBR) Threat,FBR se mutaliq account review pending hai aur {BRAND} access band ho sakta hai. {PHONE} par abhi rabta karein.,{BRAND} se mutaliq account review pending hai aur {brand} access band ho sakta hai. {phone} par abhi rabta karein.
1,Phishing - Account Freeze (FBR) Threat,Aap ke {BRAND} account par FBR freeze notice laga hai. Notice clear karne ke liye {PHONE} par call karein.,aap ke {brand} account par {BRAND} freeze notice laga hai. notice clear karne ke liye {phone} par call karein.
1,Phishing - Account Freeze (FBR) Threat,FBR tax verification mukammal na hui to {BRAND} account frozen rahega. Verification ke liye {PHONE} par rabta karein.,{BRAND} tax verification mukammal na hui to {brand} account frozen rahega. verification ke liye {phone} par rabta karein.
1,Phishing - Account Freeze (FBR) Threat,{BRAND} account ki FBR status tasdeeq zaroori hai. Freeze hatwane ke liye {PHONE} par apna record bhejein.,{brand} account ki {BRAND} status tasdeeq zaroori hai. freeze hatwane ke liye {phone} par apna record bhejein.
1,Phishing - Account Freeze (FBR) Threat,FBR ne {BRAND} account ke hawale se freeze action shuru kiya hai. Isay rokne ke liye {PHONE} par foran details dein.,{BRAND} ne {brand} account ke hawale se freeze action shuru kiya hai. isay rokne ke liye {phone} par foran details dein.
1,Phishing - Account Freeze (FBR) Threat,Tax compliance issue ki wajah se FBR ke mutabiq {BRAND} account restricted hai. Access bahal karne ke liye {PHONE} par rabta karein.,tax compliance issue ki wajah se {BRAND} ke mutabiq {brand} account restricted hai. access bahal karne ke liye {phone} par rabta karein.
1,Phishing - Account Freeze (FBR) Threat,{BRAND}: FBR ki janib se freeze ki tanbeeh mili hai. Aaj {PHONE} par tasdeeq na hui to account access rok diya jayega.,{brand}: {BRAND} ki janib se freeze ki tanbeeh mili hai. aaj {phone} par tasdeeq na hui to account access rok diya jayega.
1,Phishing - Account Hack Warning,{BRAND} account mein ghair mamooli login dekha gaya hai. Account bachane ke liye {PHONE} par foran rabta karein.,{brand} account mein ghair mamooli login dekha gaya hai. account bachane ke liye {phone} par foran rabta karein.
1,Phishing - Account Hack Warning,Aap ke {BRAND} account ko hack karne ki koshish ki gayi hai. Security check ke liye {PHONE} par apni details dein.,aap ke {brand} account ko hack karne ki koshish ki gayi hai. security check ke liye {phone} par apni details dein.
1,Phishing - Account Hack Warning,{BRAND}: kisi naye device se account kholne ki koshish hui hai. Isay rokne ke liye {PHONE} par call karein.,{brand}: kisi naye device se account kholne ki koshish hui hai. isay rokne ke liye {phone} par call karein.
1,Phishing - Account Hack Warning,Aap ka {BRAND} password risk mein bataya gaya hai. Account secure karne ke liye {PHONE} par verification mukammal karein.,aap ka {brand} password risk mein bataya gaya hai. account secure karne ke liye {phone} par verification mukammal karein.
1,Phishing - Account Hack Warning,Security warning: {BRAND} account par ghair maamooli activity mili hai. Foran {PHONE} par rabta karein warna access risk mein hai.,security warning: {brand} account par ghair maamooli activity mili hai. foran {phone} par rabta karein warna access risk mein hai.
1,Phishing - Account Hack Warning,{BRAND} account ke liye hacking alert jari hua hai. Apni pehchan tasdeeq karne ke liye {PHONE} par details bhejein.,{brand} account ke liye hacking alert jari hua hai. apni pehchan tasdeeq karne ke liye {phone} par details bhejein.
1,Phishing - Account Hack Warning,Aap ke {BRAND} login par security issue hai. Account ko band hone se bachane ke liye {PHONE} par rabta karein.,aap ke {brand} login par security issue hai. account ko band hone se bachane ke liye {phone} par rabta karein.
1,Phishing - Account Hack Warning,{BRAND}: account takeover ki koshish report hui hai. Verification ke liye {PHONE} par call karna zaroori hai.,{brand}: account takeover ki koshish report hui hai. verification ke liye {phone} par call karna zaroori hai.
1,Phishing - Account Hack Warning,Unknown device se {BRAND} account access ki koshish hui. Agar yeh aap nahi thay to {PHONE} par foran rabta karein.,unknown device se {brand} account access ki koshish hui. agar yeh aap nahi thay to {phone} par foran rabta karein.
1,Phishing - Account Hack Warning,Aap ke {BRAND} account ka password leak hone ka alert hai. Naya security check {PHONE} par mukammal karein.,aap ke {brand} account ka password leak hone ka alert hai. naya security check {phone} par mukammal karein.
1,Phishing - Account Hack Warning,{BRAND} security warning: account par mashkook login hua hai. Account bachane ke liye {PHONE} par apna record dein.,{brand} security warning: account par mashkook login hua hai. account bachane ke liye {phone} par apna record dein.
1,Phishing - Account Hack Warning,Account hack hone ka khatra hai aur {BRAND} access rok sakta hai. Security tasdeeq ke liye {PHONE} par rabta karein.,account hack hone ka khatra hai aur {brand} access rok sakta hai. security tasdeeq ke liye {phone} par rabta karein.
1,Phishing - Account Hack Warning,{BRAND} account ki hifazat ke liye foran verification darkar hai. {PHONE} par call na ki to account restrict ho sakta hai.,{brand} account ki hifazat ke liye foran verification darkar hai. {phone} par call na ki to account restrict ho sakta hai.
1,Phishing - Account Hack Warning,Aap ke {BRAND} account par ghair maamooli device detect hui hai. Is ki tasdeeq ke liye {PHONE} par details bhejein.,aap ke {brand} account par ghair maamooli device detect hui hai. is ki tasdeeq ke liye {phone} par details bhejein.
1,Phishing - Account Hack Warning,Security team ne {BRAND} account ko risk par mark kiya hai. Account bachane ke liye {PHONE} par rabta karein.,security team ne {brand} account ko risk par mark kiya hai. account bachane ke liye {phone} par rabta karein.
1,Phishing - Account Hack Warning,{BRAND}: hacking ki koshish ki wajah se account review mein hai. Review complete karne ke liye {PHONE} par foran call karein.,{brand}: hacking ki koshish ki wajah se account review mein hai. review complete karne ke liye {phone} par foran call karein.
1,Phishing - Wrong Number Refund Scam,"Bhai, ghalti se aap ke {BRAND} wallet mein {AMOUNT} PKR bhej diye hain. Meherbani karke {PHONE} par rabta karke wapas bhej dein.","bhai, ghalti se aap ke {brand} wallet mein {amount} pkr bhej diye hain. meherbani karke {phone} par rabta karke wapas bhej dein."
1,Phishing - Wrong Number Refund Scam,"Assalam o alaikum, meri {AMOUNT} PKR ki payment ghalti se aap ke number par chali gayi. {PHONE} par refund ki madad kar dein.","assalam o alaikum, meri {amount} pkr ki payment ghalti se aap ke number par chali gayi. {phone} par refund ki madad kar dein."
1,Phishing - Wrong Number Refund Scam,Mujh se transfer mein ghalti ho gayi aur {AMOUNT} PKR aap ke {BRAND} account mein aa gaye. Barah-e-karam {PHONE} par baat karein.,mujh se transfer mein ghalti ho gayi aur {amount} pkr aap ke {brand} account mein aa gaye. barah-e-karam {phone} par baat karein.
1,Phishing - Wrong Number Refund Scam,"Bhai, yeh {AMOUNT} PKR mere thay jo ghalti se aap ko chale gaye. Wapas bhejne ke liye {PHONE} par rabta kar dein.","bhai, yeh {amount} pkr mere thay jo ghalti se aap ko chale gaye. wapas bhejne ke liye {phone} par rabta kar dein."
1,Phishing - Wrong Number Refund Scam,Galat receiver ko {AMOUNT} PKR chalay gaye hain aur aap ka {BRAND} account bataya ja raha hai. Refund ke liye {PHONE} par call karein.,galat receiver ko {amount} pkr chalay gaye hain aur aap ka {brand} account bataya ja raha hai. refund ke liye {phone} par call karein.
1,Phishing - Wrong Number Refund Scam,Meri raqam {AMOUNT} PKR ghalti se aap ke wallet mein transfer ho gayi. Meherbani karke {PHONE} par jawab dein.,meri raqam {amount} pkr ghalti se aap ke wallet mein transfer ho gayi. meherbani karke {phone} par jawab dein.
1,Phishing - Wrong Number Refund Scam,"Maazrat, transfer karte waqt number ghalat lag gaya aur {AMOUNT} PKR aap ko mil gaye. Wapsi ke liye {PHONE} par rabta karein.","maazrat, transfer karte waqt number ghalat lag gaya aur {amount} pkr aap ko mil gaye. wapsi ke liye {phone} par rabta karein."
1,Phishing - Wrong Number Refund Scam,Aap ke {BRAND} wallet mein meri {AMOUNT} PKR ki raqam chali gayi hai. Refund arrange karne ke liye {PHONE} par baat kar lein.,aap ke {brand} wallet mein meri {amount} pkr ki raqam chali gayi hai. refund arrange karne ke liye {phone} par baat kar lein.
1,Phishing - Wrong Number Refund Scam,"Bhai, mujhe sirf {AMOUNT} PKR wapas chahiye jo ghalti se aap ko bhej diye. {PHONE} par rabta kar dein.","bhai, mujhe sirf {amount} pkr wapas chahiye jo ghalti se aap ko bhej diye. {phone} par rabta kar dein."
1,Phishing - Wrong Number Refund Scam,Meri payment {AMOUNT} PKR ghalat account mein pohanch gayi hai. Agar aap ke {BRAND} mein ayi hai to {PHONE} par batayein.,meri payment {amount} pkr ghalat account mein pohanch gayi hai. agar aap ke {brand} mein ayi hai to {phone} par batayein.
1,Phishing - Wrong Number Refund Scam,{AMOUNT} PKR ka transfer galti se aap ki taraf chala gaya. Raqam wapas karne ke liye {PHONE} par rabta karein.,{amount} pkr ka transfer galti se aap ki taraf chala gaya. raqam wapas karne ke liye {phone} par rabta karein.
1,Phishing - Wrong Number Refund Scam,Main ne number milate waqt ghalti ki aur {AMOUNT} PKR aap ke {BRAND} wallet mein bhej diye. Wapsi ke liye {PHONE} par call karein.,main ne number milate waqt ghalti ki aur {amount} pkr aap ke {brand} wallet mein bhej diye. wapsi ke liye {phone} par call karein.
1,Phishing - Wrong Number Refund Scam,Aap ko {AMOUNT} PKR meri taraf se ghalti se mile hain. Meherbani karke {PHONE} par refund ke bare mein baat karein.,aap ko {amount} pkr meri taraf se ghalti se mile hain. meherbani karke {phone} par refund ke bare mein baat karein.
1,Phishing - Wrong Number Refund Scam,Ghalat transfer ki wajah se {AMOUNT} PKR aap ke {BRAND} account mein chale gaye. Raqam lautane ke liye {PHONE} par rabta karein.,ghalat transfer ki wajah se {amount} pkr aap ke {brand} account mein chale gaye. raqam lautane ke liye {phone} par rabta karein.
1,Phishing - Wrong Number Refund Scam,Meri {AMOUNT} PKR ki raqam aap ke number par chali gayi hai. Agar aap ko mili hai to {PHONE} par jawab dein.,meri {amount} pkr ki raqam aap ke number par chali gayi hai. agar aap ko mili hai to {phone} par jawab dein.
1,Phishing - Wrong Number Refund Scam,Transfer ki ghalti se {AMOUNT} PKR aap ke paas pohanch gaye. Barah-e-karam {PHONE} par rabta karke wapsi kar dein.,transfer ki ghalti se {amount} pkr aap ke paas pohanch gaye. barah-e-karam {phone} par rabta karke wapsi kar dein.
1,Phishing - ATM Card Suspend Link,{BRAND} ATM card suspend hone wala hai. Verification link hasil karne ke liye {PHONE} par foran rabta karein.,{brand} atm card suspend hone wala hai. verification link hasil karne ke liye {phone} par foran rabta karein.
1,Phishing - ATM Card Suspend Link,"Dear customer, aap ka {BRAND} ATM card security review mein hai. Suspend hone se pehle {PHONE} par rabta karke link hasil karein.","dear customer, aap ka {brand} atm card security review mein hai. suspend hone se pehle {phone} par rabta karke link hasil karein."
1,Phishing - ATM Card Suspend Link,{BRAND} card ki tasdeeq mukammal nahi hui. ATM service band hone se bachane ke liye {PHONE} se bheja gaya verification link kholein.,{brand} card ki tasdeeq mukammal nahi hui. atm service band hone se bachane ke liye {phone} se bheja gaya verification link kholein.
1,Phishing - ATM Card Suspend Link,Aap ka ATM card temporary band kiya ja sakta hai. {BRAND} details update karne ke liye {PHONE} par rabta karein aur verification link hasil karein.,aap ka atm card temporary band kiya ja sakta hai. {brand} details update karne ke liye {phone} par rabta karein aur verification link hasil karein.
1,Phishing - ATM Card Suspend Link,Security notice: {BRAND} ATM card par restriction lagne wali hai. Card bachane ke liye {PHONE} par diya gaya verification link follow karein.,security notice: {brand} atm card par restriction lagne wali hai. card bachane ke liye {phone} par diya gaya verification link follow karein.
1,Phishing - ATM Card Suspend Link,{BRAND}: ATM card ki tasdeeq ki muddat khatam ho gayi hai. Service jari rakhne ke liye {PHONE} par rabta karke link kholein.,{brand}: atm card ki tasdeeq ki muddat khatam ho gayi hai. service jari rakhne ke liye {phone} par rabta karke link kholein.
1,Phishing - ATM Card Suspend Link,ATM card suspend process shuru ho gaya hai. {BRAND} card ko active rakhne ke liye {PHONE} par verification link hasil karein.,atm card suspend process shuru ho gaya hai. {brand} card ko active rakhne ke liye {phone} par verification link hasil karein.
1,Phishing - ATM Card Suspend Link,{BRAND} card security update pending hai. Aaj tasdeeq na hui to ATM istemal band ho sakta hai; {PHONE} par link ke liye rabta karein.,{brand} card security update pending hai. aaj tasdeeq na hui to atm istemal band ho sakta hai; {phone} par link ke liye rabta karein.
1,Phishing - ATM Card Suspend Link,Card verification fail hone ki wajah se {BRAND} ATM service roki ja sakti hai. Verification link {PHONE} par rabta karne se milega.,card verification fail hone ki wajah se {brand} atm service roki ja sakti hai. verification link {phone} par rabta karne se milega.
1,Phishing - ATM Card Suspend Link,{BRAND}: aap ke ATM card ki security details purani hain. Nayi details dene wala link hasil karne ke liye {PHONE} par call karein.,{brand}: aap ke atm card ki security details purani hain. nayi details dene wala link hasil karne ke liye {phone} par call karein.
1,Phishing - ATM Card Suspend Link,Akhri tanbeeh: {BRAND} ATM card suspend kiya jayega. Active rakhne ke liye {PHONE} par rabta karke link kholein.,akhri tanbeeh: {brand} atm card suspend kiya jayega. active rakhne ke liye {phone} par rabta karke link kholein.
1,Phishing - ATM Card Suspend Link,ATM access ki tasdeeq baki hai aur {BRAND} card band ho sakta hai. {PHONE} par verification link hasil karein.,atm access ki tasdeeq baki hai aur {brand} card band ho sakta hai. {phone} par verification link hasil karein.
1,Phishing - ATM Card Suspend Link,{BRAND} card par ghair maamooli activity ke baad ATM service suspend ki ja rahi hai. Bahali ke link ke liye {PHONE} par rabta karein.,{brand} card par ghair maamooli activity ke baad atm service suspend ki ja rahi hai. bahali ke link ke liye {phone} par rabta karein.
1,Phishing - ATM Card Suspend Link,Card account update na hone ki surat mein {BRAND} ATM card band hoga. Tafseel update karne wala link {PHONE} se hasil karein.,card account update na hone ki surat mein {brand} atm card band hoga. tafseel update karne wala link {phone} se hasil karein.
1,Phishing - ATM Card Suspend Link,{BRAND}: ATM service ko jari rakhne ke liye card verification zaroori hai. Verification link ke liye {PHONE} par rabta karein.,{brand}: atm service ko jari rakhne ke liye card verification zaroori hai. verification link ke liye {phone} par rabta karein.
1,Phishing - ATM Card Suspend Link,Aap ke {BRAND} ATM card ke liye security update darkar hai. Suspend se bachne ke liye {PHONE} par verification link mangwayein.,aap ke {brand} atm card ke liye security update darkar hai. suspend se bachne ke liye {phone} par verification link mangwayein.
1,Phishing - Reward/Lottery Scam,Mubarak ho! Aap {BRAND} ke monthly lucky draw mein select huay hain. Prize {AMOUNT} PKR claim karne k liye is link par apni details fill karein: claim-{BRAND}.net/prize,mubarak ho! aap {brand} ke monthly lucky draw mein select huay hain. prize {amount} pkr claim karne k liye is link par apni details fill karein: claim-{brand}.net/prize
1,Phishing - Reward/Lottery Scam,"Aapka number Ramzan bachat scheme draw mein nikla hai, inam {AMOUNT} PKR hai. Confirm karne k liye isi SMS ka reply karke apna {BRAND} PIN bhejein.","aapka number ramzan bachat scheme draw mein nikla hai, inam {amount} pkr hai. confirm karne k liye isi sms ka reply karke apna {brand} pin bhejein."
1,Phishing - Reward/Lottery Scam,Khushkhabri! Aapne cricket fan lucky draw mein {AMOUNT} PKR jeet liye hain. Claim process shuru karne k liye humein WhatsApp par is number par msg karein: {PHONE},khushkhabri! aapne cricket fan lucky draw mein {amount} pkr jeet liye hain. claim process shuru karne k liye humein whatsapp par is number par msg karein: {phone}
1,Phishing - Reward/Lottery Scam,"Mubarak ho, aapka naam is mahine ke {BRAND} customer reward list mein hai. Prize {AMOUNT} PKR hasil karne k liye apne nearest {BRAND} branch tashreef layein, saath CNIC lekar aayen.","mubarak ho, aapka naam is mahine ke {brand} customer reward list mein hai. prize {amount} pkr hasil karne k liye apne nearest {brand} branch tashreef layein, saath cnic lekar aayen."
1,Phishing - Account Block Threat,{BRAND} Notice: Apka account inactive activity ki waja se partially block hai. Dobara active karne k liye is link se apni maloomat update karein: {BRAND}-reactivate.com,{brand} notice: apka account inactive activity ki waja se partially block hai. dobara active karne k liye is link se apni maloomat update karein: {brand}-reactivate.com
1,Phishing - Account Block Threat,Apka {BRAND} account verification ke bagair 24 ghanton mein block ho jaye ga. Isi number par reply karke apna 4-digit PIN bhejein taake account save ho sake.,apka {brand} account verification ke bagair 24 ghanton mein block ho jaye ga. isi number par reply karke apna 4-digit pin bhejein taake account save ho sake.
1,Phishing - Account Block Threat,{BRAND} Alert: Account mein masla nazar aaya hai. Foran apna account number aur CNIC humare WhatsApp support par bhejein: {PHONE},{brand} alert: account mein masla nazar aaya hai. foran apna account number aur cnic humare whatsapp support par bhejein: {phone}
1,Phishing - Account Block Threat,"Dear customer, aapka {BRAND} account documents incomplete hone ki waja se block hone wala hai. Ise avoid karne k liye jaldi apni nearest branch visit karein.","dear customer, aapka {brand} account documents incomplete hone ki waja se block hone wala hai. ise avoid karne k liye jaldi apni nearest branch visit karein."
1,Phishing - Government Scheme Scam,Ehsaas Kafalat update: Apki application {AMOUNT} PKR k liye approve ho chuki hai. Fund release form bharne k liye click karein: ehsaas-{BRAND}.org/apply,ehsaas kafalat update: apki application {amount} pkr k liye approve ho chuki hai. fund release form bharne k liye click karein: ehsaas-{brand}.org/apply
1,Phishing - Government Scheme Scam,BISP se ittila: Apka naam mustahiq list mein shamil hua hai. Registration mukammal karne k liye reply mein apna {BRAND} account PIN bhejein.,{BRAND} se ittila: apka naam mustahiq list mein shamil hua hai. registration mukammal karne k liye reply mein apna {brand} account pin bhejein.
1,Phishing - Government Scheme Scam,Sarkar ki Rashan Riayat scheme mein apka number select hua hai. Registration k liye humare WhatsApp helpline par rabta karein: {PHONE},sarkar ki rashan riayat scheme mein apka number select hua hai. registration k liye humare whatsapp helpline par rabta karein: {phone}
1,Phishing - Government Scheme Scam,"Mubarak ho, Punjab Ehsaas program ke tehat apko {AMOUNT} PKR milen ge. Apna nearest registration center visit karke CNIC dikhayen aur raqam collect karein.","mubarak ho, punjab ehsaas program ke tehat apko {amount} pkr milen ge. apna nearest registration center visit karke cnic dikhayen aur raqam collect karein."
1,Phishing - Account Freeze (FBR) Threat,FBR Compliance Notice: Apka {BRAND} account tax filing na hone ki waja se freeze hai. Compliance form is link par mukammal karein: fbr-{BRAND}-compliance.com,{BRAND} compliance notice: apka {brand} account tax filing na hone ki waja se freeze hai. compliance form is link par mukammal karein: {BRAND}-{brand}-compliance.com
1,Phishing - Account Freeze (FBR) Threat,FBR record ke mutabiq apka {BRAND} wallet suspicious hai. Isay unfreeze karwane k liye reply mein apna NTN aur account PIN bhejein.,{BRAND} record ke mutabiq apka {brand} wallet suspicious hai. isay unfreeze karwane k liye reply mein apna ntn aur account pin bhejein.
1,Phishing - Account Freeze (FBR) Threat,Federal Board of Revenue: Apke {BRAND} account par tax discrepancy hai. Clarification k liye humare WhatsApp tax cell par sampark karein: {PHONE},federal board of revenue: apke {brand} account par tax discrepancy hai. clarification k liye humare whatsapp tax cell par sampark karein: {phone}
1,Phishing - Account Freeze (FBR) Threat,FBR ittila: Non-filer status ki waja se apka {BRAND} account freeze kiya gaya hai. Filer banne k liye apne nearest FBR facilitation center visit karein.,{BRAND} ittila: non-filer status ki waja se apka {brand} account freeze kiya gaya hai. filer banne k liye apne nearest {BRAND} facilitation center visit karein.
1,Phishing - Account Hack Warning,{BRAND} Cyber Security Team: Apke account mein malicious login attempt block kiya gaya hai. Security check complete karne k liye yahan verify karein: {BRAND}-secure-check.net,{brand} cyber security team: apke account mein malicious login attempt block kiya gaya hai. security check complete karne k liye yahan verify karein: {brand}-secure-check.net
1,Phishing - Account Hack Warning,Warning: Kisi ne apka {BRAND} password change karne ki koshish ki hai. Agar yeh aap nahi thay to isi SMS ka reply karke apna OTP {OTP} confirm karein.,warning: kisi ne apka {brand} password change karne ki koshish ki hai. agar yeh aap nahi thay to isi sms ka reply karke apna otp {otp} confirm karein.
1,Phishing - Account Hack Warning,{BRAND} Fraud Alert: Apke account se ek ajeeb transaction rokni gayi hai. Details clarify karne k liye humein WhatsApp karein: {PHONE},{brand} fraud alert: apke account se ek ajeeb transaction rokni gayi hai. details clarify karne k liye humein whatsapp karein: {phone}
1,Phishing - Account Hack Warning,Aapke {BRAND} account ki security compromise hone ka shuba hai. Foran apni nearest branch ja kar apna password reset karwayen.,aapke {brand} account ki security compromise hone ka shuba hai. foran apni nearest branch ja kar apna password reset karwayen.
1,Phishing - Wrong Number Refund Scam,"Assalam o Alaikum, maine {AMOUNT} PKR ghalti se apke {BRAND} account mein bhej diye. Barah e karam mujhe WhatsApp par is number par bata dein taake refund arrange ho sake: {PHONE}","assalam o alaikum, maine {amount} pkr ghalti se apke {brand} account mein bhej diye. barah e karam mujhe whatsapp par is number par bata dein taake refund arrange ho sake: {phone}"
1,Phishing - Wrong Number Refund Scam,"Sorry, maine apko {AMOUNT} PKR galti se send kar diye hain apni bhabi ko bhejte hue. Please apna {BRAND} account number reply mein bhej dein taake main wapis mangwa sakoon.","sorry, maine apko {amount} pkr galti se send kar diye hain apni bhabi ko bhejte hue. please apna {brand} account number reply mein bhej dein taake main wapis mangwa sakoon."
1,Phishing - Wrong Number Refund Scam,"Bhai maaf karna, maine apko {AMOUNT} PKR ghalti se transfer kar diye. Agar mumkin ho to nearby {BRAND} branch chal kar wapis karwa dein, main bhi wahin pahunch jaunga.","bhai maaf karna, maine apko {amount} pkr ghalti se transfer kar diye. agar mumkin ho to nearby {brand} branch chal kar wapis karwa dein, main bhi wahin pahunch jaunga."
1,Phishing - Wrong Number Refund Scam,Meri taraf se {AMOUNT} PKR apke account mein ghalti se chala gaya hai. Refund process k liye apna account PIN reply mein confirm kar dein please.,meri taraf se {amount} pkr apke account mein ghalti se chala gaya hai. refund process k liye apna account pin reply mein confirm kar dein please.
1,Phishing - Wrong Number Refund Scam,"Please help, maine emergency mein {AMOUNT} PKR ghalat number par bhej diye jo apka nikla. Zaroorat bohat zyada hai, WhatsApp par is number par jald rabta karein: {PHONE}","please help, maine emergency mein {amount} pkr ghalat number par bhej diye jo apka nikla. zaroorat bohat zyada hai, whatsapp par is number par jald rabta karein: {phone}"
1,Phishing - ATM Card Suspend Link,{BRAND} ATM Services: Apka card upcoming maintenance ki waja se suspend hone wala hai. Active rakhne k liye register karein: {BRAND}-cardcare.com,{brand} atm services: apka card upcoming maintenance ki waja se suspend hone wala hai. active rakhne k liye register karein: {brand}-cardcare.com
1,Phishing - ATM Card Suspend Link,Apka {BRAND} debit card 12 ghanton mein expire/suspend ho jaye ga. Ise renew karwane k liye reply mein apna card PIN bhejein.,apka {brand} debit card 12 ghanton mein expire/suspend ho jaye ga. ise renew karwane k liye reply mein apna card pin bhejein.
1,Phishing - ATM Card Suspend Link,{BRAND} Card Alert: Apka ATM card security issue ki waja se block hone wala hai. Turant humare WhatsApp card support par contact karein: {PHONE},{brand} card alert: apka atm card security issue ki waja se block hone wala hai. turant humare whatsapp card support par contact karein: {phone}
1,Phishing - ATM Card Suspend Link,"Dear customer, apka {BRAND} ATM card damaged record hua hai system mein. Naya card lene k liye apni branch visit karein sath original CNIC lekar.","dear customer, apka {brand} atm card damaged record hua hai system mein. naya card lene k liye apni branch visit karein sath original cnic lekar."
1,Phishing - ATM Card Suspend Link,ALERT: {BRAND} card deactivation scheduled. Prevent deactivation: bit.ly/{NUM},alert: {brand} card deactivation scheduled. prevent deactivation: bit.ly/{num}
1,Phishing - Account Block Threat,URGENT: Your {BRAND} account has been suspended due to unusual activity. Verify now to restore access: bit.ly/{NUM},
1,Phishing - Account Block Threat,Security Alert: {BRAND} detected suspicious login. Your account will be locked in 24 hours unless you confirm your identity here: bit.ly/{NUM},
1,Phishing - Account Freeze (FBR) Threat,NOTICE: FBR has flagged your {BRAND} account for tax non-compliance. Account will be frozen. Resolve immediately: bit.ly/{NUM},
1,Phishing - Account Hack Warning,WARNING: We detected unauthorized access to your {BRAND} account from a new device. Secure your account now: bit.ly/{NUM},
1,Phishing - Account Hack Warning,"Your {BRAND} password was changed just now. If this was not you, reverse it immediately at bit.ly/{NUM}",
1,Phishing - ATM Card Suspend Link,Your {BRAND} debit card will be suspended today due to a failed verification. Reactivate here: bit.ly/{NUM},
1,Phishing - Reward/Lottery Scam,Congratulations! Your number has won {AMOUNT} PKR in the {BRAND} loyalty draw. Claim your prize before it expires: bit.ly/{NUM},
1,Phishing - Reward/Lottery Scam,You have been selected for a cash reward of {AMOUNT} PKR. Complete this short form to claim: bit.ly/{NUM},
1,Phishing - Government Scheme Scam,Government Relief Program: You qualify for {AMOUNT} PKR in emergency aid. Register before the deadline: bit.ly/{NUM},
1,Phishing - Wrong Number Refund Scam,"Hi, I think I sent {AMOUNT} PKR to your account by mistake. Please refund it here so I can confirm: bit.ly/{NUM}",
1,Phishing - Account Block Threat,"Dear customer, your {BRAND} online banking has been temporarily restricted. Tap to verify and unlock: bit.ly/{NUM}",
1,Phishing - Account Freeze (FBR) Threat,Final Notice: Failure to update your FBR tax profile linked to {BRAND} will result in account freeze within 48 hours. Update: bit.ly/{NUM},
1,Phishing - Account Hack Warning,We noticed a login attempt on your {BRAND} account from an unrecognized location. Confirm it was you: bit.ly/{NUM},
1,Phishing - ATM Card Suspend Link,Important: Your {BRAND} ATM card is scheduled for deactivation due to incomplete KYC. Prevent this now: bit.ly/{NUM},
1,Phishing - Reward/Lottery Scam,{BRAND} Customer Rewards: A gift of {AMOUNT} PKR is waiting for you. Claim within 24 hours: bit.ly/{NUM},
1,Phishing - Government Scheme Scam,You are eligible for the national support package worth {AMOUNT} PKR. Apply now before slots close: bit.ly/{NUM},
1,Phishing - Account Block Threat,Your {BRAND} account access has been paused for your protection. Restore full access by verifying: bit.ly/{NUM},
1,Phishing - Wrong Number Refund Scam,"Sorry, wrong transfer. I accidentally sent {AMOUNT} PKR to your account instead of my friend's. Kindly return it: bit.ly/{NUM}",
1,Phishing - Account Hack Warning,"Unusual sign-in activity detected on your {BRAND} profile. If this wasn't you, act now to prevent takeover: bit.ly/{NUM}",
1,Phishing - Account Freeze (FBR) Threat,Your {BRAND} account is under review by FBR for irregular transactions. Submit clarification to avoid freeze: bit.ly/{NUM},
