template_key,Raw_text,clean_text,Labels,Source_Type,n_occurrences
"your {BRAND} otp for online transaction is {OTP}. do not share this otp with anyone, not even bank staff.","Your HBL OTP for online transaction is 12600159. Do not share this OTP with anyone, not even bank staff.","your hbl otp for online transaction is 12600159. do not share this otp with anyone, not even bank staff.",0,Bank OTP Message,129
{BRAND}: aap ne successfully {AMOUNT} pkr transfer kar diye hain. trx id: {TRXID}.,Easypaisa: Aap ne successfully 350 PKR transfer kar diye hn. Trx ID: 73262500.,easypaisa: aap ne successfully 350 pkr transfer kar diye hain. trx id: 73262500.,0,Mobile Wallet Transfer Confirmation,109
aap ka {BRAND} debit card atm par use hua hai. amount: {AMOUNT} pkr. agar yeh aap ne nahi kiya toh helpline par call karein.,Aap ka MCB debit card ATM par use hua h. Amount: 350 PKR. Agar yeh aap ne nahi kiya toh helpline par call karin.,aap ka mcb debit card atm par use hua hai. amount: 350 pkr. agar yeh aap ne nahi kiya toh helpline par call karein.,0,Bank ATM Transaction Alert,43
salary of {AMOUNT} pkr has been credited to your {BRAND} account. thank you.,Salary of 350 PKR has been credited to your MCB acount. Thank you.,salary of 350 pkr has been credited to your mcb account. thank you.,0,Salary Credit Notification,41
"dear customer, apke {BRAND} account me {AMOUNT} pkr deposit hue hain. available balance: {AMOUNT} pkr.","Dear Customer, Apke MCB account me 350 PKR deposit hue hain. Available Balance: 350 PKR.","dear customer, apke mcb account me 350 pkr deposit hue hain. available balance: 350 pkr.",0,Bank Deposit Notification,32
aap k {BRAND} account se {AMOUNT} pkr ki deduction hui hai tax ki madd mein.,Aap k UBL account se 350 PKR ki deduction hui hai tax ki madd mein.,aap k ubl account se 350 pkr ki deduction hui hai tax ki madd mein.,0,Bank Tax Deduction Notification,30
{BRAND}: aap ne successfully {AMOUNT_WORDS} lakh pkr transfer kar diye hain. trx id: {TRXID}.,Easypaisa: Aap ne successfully 1 Lakh PKR transfer kar diye hn. Trx ID: 38556108.,easypaisa: aap ne successfully 1 lakh pkr transfer kar diye hain. trx id: 38556108.,0,Mobile Wallet Transfer Confirmation,19
mubarak ho! {BRAND} main apka {NUM} ka inam lga ha. apna inam hasil krne k lie apna {BRAND} pin is number par send krin.,Mubarak ho! BISP main apka 5000 ka inam lga ha. Apna inam hasil krne k lie apna UBL pin is number par send krin.,mubarak ho! bisp main apka 5000 ka inam lga ha. apna inam hasil krne k lie apna ubl pin is number par send krin.,1,Phishing - Reward/Lottery Scam,18
traffic police: apki gari ka e-challan generate ho gaya hai. amount {AMOUNT} pkr. akhri tareekh se pehle {BRAND} app k zariye pay karein.,Traffic Police: Apki gari ka E-Challan generate ho gaya ha. Amount 350 PKR. Akhri tareekh se pehle PSCA app k zariye pay krn.,traffic police: apki gari ka e-challan generate ho gaya hai. amount 350 pkr. akhri tareekh se pehle psca app k zariye pay karein.,0,Traffic Challan Notification,17
"your state bank otp for online transaction is {OTP}. do not share this otp with anyone, not even bank staff.","Your State Bank OTP for online transaction is 43974715. Do not share this OTP with anyone, not even bank staff.","your state bank otp for online transaction is 43974715. do not share this otp with anyone, not even bank staff.",0,Bank OTP Message,14
aap k {BRAND} acc se {AMOUNT} pkr ki deduction hui ha tax ki madd mein.,Aap k HBL acc se 12500 PKR ki deduction hui ha tax ki madd mein.,aap k hbl acc se 12500 pkr ki deduction hui ha tax ki madd mein.,0,Bank Tax Deduction Notification,12
{BRAND}: aap ne successfully {AMOUNT} pkr transfer kar diye han. trx id: {TRXID}.,Easypaisa: Aap ne successfully 350 PKR transfer kar diye han. Trx ID: 19934957.,easypaisa: aap ne successfully 350 pkr transfer kar diye han. trx id: 19934957.,0,Mobile Wallet Transfer Confirmation,12
mubarak ho! jeeto pakistan main apka {NUM} ka inam lga ha. apna inam hasil krne k lie apna {BRAND} pin is number par send krin.,Mubarak ho! Jeeto Pakistan main apka 2500 ka inam lga ha. Apna inam hasil krne k lie apna UBL pin is number par send krin.,mubarak ho! jeeto pakistan main apka 2500 ka inam lga ha. apna inam hasil krne k lie apna ubl pin is number par send krin.,1,Phishing - Reward/Lottery Scam,11
mubarak ho! ehsaas program main apka {NUM} ka inam lga ha. apna inam hasil krne k lie apna {BRAND} pin is number par send krin.,Mubarak ho! Ehsaas Program main apka 5000 ka inam lga ha. Apna inam hasil krne k lie apna HBL pin is number par send krin.,mubarak ho! ehsaas program main apka 5000 ka inam lga ha. apna inam hasil krne k lie apna hbl pin is number par send krin.,1,Phishing - Government Scheme Scam,9
"moaziz sarif, apka {BRAND} ki taraf se {AMOUNT} pkr ka inaam nikla hai. taseeq k liye {PHONE} par sms karein.","Moaziz sarif, apka BISP ki taraf se 350 PKR ka inaam nikla hai. Taseeq k liye 0320634956 par sms karin.","moaziz sarif, apka bisp ki taraf se 350 pkr ka inaam nikla hai. taseeq k liye 0320634956 par sms karein.",1,Phishing - Reward/Lottery Scam,9
mubarak ho! {BRAND} main apka {AMOUNT_WORDS} lakh ka inam lga ha. apna inam hasil krne k lie apna {BRAND} pin is number par send krin.,Mubarak ho! BISP main apka 1 Lakh ka inam lga ha. Apna inam hasil krne k lie apna SadaPay pin is number par send krin.,mubarak ho! bisp main apka 1 lakh ka inam lga ha. apna inam hasil krne k lie apna sadapay pin is number par send krin.,1,Phishing - Reward/Lottery Scam,9
"moaziz sarif, apka {BRAND} ki taraf se {AMOUNT} pkr ka inaam nikla hai. taseeq k liye {PHONE} par details send krain.","Moaziz sarif, apka BISP ki taraf se 10000 PKR ka inaam nikla hai. Taseeq k liye 0359521680 par details send krain.","moaziz sarif, apka bisp ki taraf se 10000 pkr ka inaam nikla hai. taseeq k liye 0359521680 par details send krain.",1,Phishing - Reward/Lottery Scam,9
"dear consumer, apka is mahine ka {BRAND} ka bill {AMOUNT} pkr hai. due date guzarne se pehle ada karein.","Dear Consumer, apka is mahine ka IESCO ka bill 350 PKR hai. Due date guzarne se pehle ada karein.","dear consumer, apka is mahine ka iesco ka bill 350 pkr hai. due date guzarne se pehle ada karein.",0,Utility Bill Payment Reminder,9
"moaziz sarif, apka {BRAND} ki taraf se {AMOUNT} pkr ka inaam nikla hai. taseeq k liye {PHONE} par call karein.","Moaziz sarif, apka BISP ki taraf se 2500 PKR ka inaam nikla hai. Taseeq k liye 0370292625 par call karein.","moaziz sarif, apka bisp ki taraf se 2500 pkr ka inaam nikla hai. taseeq k liye 0370292625 par call karein.",1,Phishing - Reward/Lottery Scam,9
salary of {AMOUNT} pkr has been credited to your {BRAND} acc. thank you.,Salary of 5000 PKR has been credited to your HBL acc. Thank you.,salary of 5000 pkr has been credited to your hbl acc. thank you.,0,Salary Credit Notification,9
apka {BRAND} ka account verification na hone ki waja se block ho gaya hai. abhi rabta krein {PHONE} par warna account hamesha k liye band ho jaye ga.,Apka HBL ka account verification na hone ki waja se block ho gaya hai. Abhi rabta krein 0327313930 par warna account hamesha k liye band ho jaye ga.,apka hbl ka account verification na hone ki waja se block ho gaya hai. abhi rabta krein 0327313930 par warna account hamesha k liye band ho jaye ga.,1,Phishing - Account Block Threat,8
"mubarak ho! {BRAND} main apka 75,000 ka inam lga ha. apna inam hasil krne k lie apna {BRAND} pin is number par send krin.","Mubarak ho! BISP main apka 75,000 ka inam lga ha. Apna inam hasil krne k lie apna Easypaisa pin is number par send krin.","mubarak ho! bisp main apka 75,000 ka inam lga ha. apna inam hasil krne k lie apna easypaisa pin is number par send krin.",1,Phishing - Reward/Lottery Scam,8
"moaziz sarif, apka {BRAND} ki taraf se {AMOUNT} pkr ka inaam nikla hai. taseeq k liye {PHONE} par rabta krein.","Moaziz sarif, apka BISP ki taraf se 12500 PKR ka inaam nikla hai. Taseeq k liye 0364220705 par rabta krein.","moaziz sarif, apka bisp ki taraf se 12500 pkr ka inaam nikla hai. taseeq k liye 0364220705 par rabta krein.",1,Phishing - Reward/Lottery Scam,8
mubarak ho! {BRAND} main apka 350 ka inam lga ha. apna inam hasil krne k lie apna {BRAND} pin is number par send krin.,Mubarak ho! BISP main apka 350 ka inam lga ha. Apna inam hasil krne k lie apna HBL pin is number par send krin.,mubarak ho! bisp main apka 350 ka inam lga ha. apna inam hasil krne k lie apna hbl pin is number par send krin.,1,Phishing - Reward/Lottery Scam,7
aap k {BRAND} account se {AMOUNT} pkr ki deduction hui h tax ki madd mein.,Aap k UBL acount se 2500 PKR ki deduction hui h tax ki madd mein.,aap k ubl account se 2500 pkr ki deduction hui h tax ki madd mein.,0,Bank Tax Deduction Notification,7
apka {BRAND} ka account suspicious activity ki waja se block ho gaya hai. abhi call karein {PHONE} par warna account hamesha k liye band ho jaye ga.,Apka SadaPay ka acount suspicious activity ki waja se block ho gaya h. Abhi call krn 0314704454 par warna acount hamesha k liye band ho jaye ga.,apka sadapay ka account suspicious activity ki waja se block ho gaya hai. abhi call karein 0314704454 par warna account hamesha k liye band ho jaye ga.,1,Phishing - Account Block Threat,6
aap ka state bank debit card atm par use hua hai. amount: {AMOUNT} pkr. agar yeh aap ne nahi kiya toh helpline par call karein.,Aap ka State Bank debit card ATM par use hua ha. Amount: 350 PKR. Agar yeh aap ne nahi kiya toh helpline par call krn.,aap ka state bank debit card atm par use hua hai. amount: 350 pkr. agar yeh aap ne nahi kiya toh helpline par call karein.,0,Bank ATM Transaction Alert,6
traffic police: apki gari ka e-challan generate ho gaya hai. amount {AMOUNT_WORDS} lakh pkr. akhri tareekh se pehle {BRAND} app k zariye pay karein.,Traffic Police: Apki gari ka E-Challan generate ho gaya h. Amount 1 Lakh PKR. Akhri tareekh se pehle PSCA app k zariye pay krn.,traffic police: apki gari ka e-challan generate ho gaya hai. amount 1 lakh pkr. akhri tareekh se pehle psca app k zariye pay karein.,0,Traffic Challan Notification,6
salary of {AMOUNT_WORDS} lakh pkr has been credited to your {BRAND} account. thank you.,Salary of 1 Lakh PKR has been credited to your UBL acount. Thank you.,salary of 1 lakh pkr has been credited to your ubl account. thank you.,0,Salary Credit Notification,6
"dear consumer, apka is mahine ka {BRAND} ka bill {AMOUNT} pkr h. due date guzarne se pehle ada karein.","Dear Consumer, apka is mahine ka WASA ka bill 350 PKR h. Due date guzarne se pehle ada krn.","dear consumer, apka is mahine ka wasa ka bill 350 pkr h. due date guzarne se pehle ada karein.",0,Utility Bill Payment Reminder,6
{BRAND} ki taraf se apka {BRAND} account freeze kr dia gya hai. unblock krwane k lie abhi otp call karein.,FBR ki taraf se apka UBL account freeze kr dia gya hai. Unblock krwane k lie abhi OTP call karein.,fbr ki taraf se apka ubl account freeze kr dia gya hai. unblock krwane k lie abhi otp call karein.,1,Phishing - Account Freeze (FBR) Threat,6
{BRAND} ki taraf se apka {BRAND} account freeze kr dia gya hai. unblock krwane k lie abhi otp rabta krein.,FBR ki taraf se apka HBL account freeze kr dia gya hai. Unblock krwane k lie abhi OTP rabta krein.,fbr ki taraf se apka hbl account freeze kr dia gya hai. unblock krwane k lie abhi otp rabta krein.,1,Phishing - Account Freeze (FBR) Threat,6
"dear customer, apke {BRAND} account me {AMOUNT} pkr deposit hue han. available balance: {AMOUNT} pkr.","Dear Customer, Apke UBL acount me 12500 PKR deposit hue han. Available Balance: 12500 PKR.","dear customer, apke ubl account me 12500 pkr deposit hue han. available balance: 12500 pkr.",0,Bank Deposit Notification,5
"moaziz sarif, apka jeeto pakistan ki taraf se {AMOUNT} pkr ka inaam nikla hai. taseeq k liye {PHONE} par details send krain.","Moaziz sarif, apka Jeeto Pakistan ki taraf se 350 PKR ka inaam nikla hai. Taseeq k liye 0360249209 par details send krain.","moaziz sarif, apka jeeto pakistan ki taraf se 350 pkr ka inaam nikla hai. taseeq k liye 0360249209 par details send krain.",1,Phishing - Reward/Lottery Scam,5
"dear consumer, apka is mahine ka {BRAND} ka bill {AMOUNT} pkr ha. due date guzarne se pehle ada karein.","Dear Consumer, apka is mahine ka WASA ka bill 2500 PKR ha. Due date guzarne se pehle ada krn.","dear consumer, apka is mahine ka wasa ka bill 2500 pkr ha. due date guzarne se pehle ada karein.",0,Utility Bill Payment Reminder,5
"moaziz sarif, apka ehsaas program ki taraf se {AMOUNT} pkr ka inaam nikla hai. taseeq k liye {PHONE} par details send krain.","Moaziz sarif, apka Ehsaas Program ki taraf se 350 PKR ka inaam nikla hai. Taseeq k liye 0374047194 par details send krain.","moaziz sarif, apka ehsaas program ki taraf se 350 pkr ka inaam nikla hai. taseeq k liye 0374047194 par details send krain.",1,Phishing - Government Scheme Scam,5
"dear customer, apke {BRAND} account me {AMOUNT_WORDS} lakh pkr deposit hue hain. available balance: {AMOUNT_WORDS} lakh pkr.","Dear Customer, Apke UBL account me 1 Lakh PKR deposit hue hain. Available Balance: 1 Lakh PKR.","dear customer, apke ubl account me 1 lakh pkr deposit hue hain. available balance: 1 lakh pkr.",0,Bank Deposit Notification,5
"dear consumer, apka is mahine ka k-electric ka bill {AMOUNT} pkr hai. due date guzarne se pehle ada karein.","Dear Consumer, apka is mahine ka K-Electric ka bill 350 PKR hai. Due date guzarne se pehle ada karein.","dear consumer, apka is mahine ka k-electric ka bill 350 pkr hai. due date guzarne se pehle ada karein.",0,Utility Bill Payment Reminder,5
"dear customer, apke {BRAND} acc me {AMOUNT} pkr deposit hue han. available balance: {AMOUNT} pkr.","Dear Customer, Apke HBL acc me 350 PKR deposit hue han. Available Balance: 350 PKR.","dear customer, apke hbl acc me 350 pkr deposit hue han. available balance: 350 pkr.",0,Bank Deposit Notification,5
apka {BRAND} ka account system error ki waja se block ho gaya hai. abhi rabta krein {PHONE} par warna account hamesha k liye band ho jaye ga.,Apka NayaPay ka acount system error ki waja se block ho gaya h. Abhi rabta krein 0325387961 par warna acount hamesha k liye band ho jaye ga.,apka nayapay ka account system error ki waja se block ho gaya hai. abhi rabta krein 0325387961 par warna account hamesha k liye band ho jaye ga.,1,Phishing - Account Block Threat,5
apka {BRAND} ka account system error ki waja se block ho gaya hai. abhi details send krain {PHONE} par warna account hamesha k liye band ho jaye ga.,Apka MCB ka account system error ki waja se block ho gaya hai. Abhi details send krain 0394903100 par warna account hamesha k liye band ho jaye ga.,apka mcb ka account system error ki waja se block ho gaya hai. abhi details send krain 0394903100 par warna account hamesha k liye band ho jaye ga.,1,Phishing - Account Block Threat,5
"mubarak ho! {BRAND} main apka 50,000 ka inam lga ha. apna inam hasil krne k lie apna {BRAND} pin is number par send krin.","Mubarak ho! BISP main apka 50,000 ka inam lga ha. Apna inam hasil krne k lie apna UBL pin is number par send krin.","mubarak ho! bisp main apka 50,000 ka inam lga ha. apna inam hasil krne k lie apna ubl pin is number par send krin.",1,Phishing - Reward/Lottery Scam,5
"moaziz sarif, apka {BRAND} ki taraf se {AMOUNT} pkr ka inaam nikla hai. taseeq k liye {PHONE} par otp bataen.","Moaziz sarif, apka BISP ki taraf se 350 PKR ka inaam nikla hai. Taseeq k liye 0346424790 par OTP bataen.","moaziz sarif, apka bisp ki taraf se 350 pkr ka inaam nikla hai. taseeq k liye 0346424790 par otp bataen.",1,Phishing - Reward/Lottery Scam,5
aap ka {BRAND} debit card atm par use hua hai. amount: {AMOUNT_WORDS} lakh pkr. agar yeh aap ne nahi kiya toh helpline par call karein.,Aap ka MCB debit card ATM par use hua h. Amount: 1 Lakh PKR. Agar yeh aap ne nahi kiya toh helpline par call karin.,aap ka mcb debit card atm par use hua hai. amount: 1 lakh pkr. agar yeh aap ne nahi kiya toh helpline par call karein.,0,Bank ATM Transaction Alert,4
aap k {BRAND} acc se {AMOUNT} pkr ki deduction hui h tax ki madd mein.,Aap k MCB acc se 350 PKR ki deduction hui h tax ki madd mein.,aap k mcb acc se 350 pkr ki deduction hui h tax ki madd mein.,0,Bank Tax Deduction Notification,4
apka {BRAND} ka account suspicious activity ki waja se block ho gaya hai. abhi details send krain {PHONE} par warna account hamesha k liye band ho jaye ga.,Apka MCB ka account suspicious activity ki waja se block ho gaya hai. Abhi details send krain 0387473941 par warna account hamesha k liye band ho jaye ga.,apka mcb ka account suspicious activity ki waja se block ho gaya hai. abhi details send krain 0387473941 par warna account hamesha k liye band ho jaye ga.,1,Phishing - Account Block Threat,4
apka {BRAND} ka account kyc update na hone ki waja se block ho gaya hai. abhi pin code dain {PHONE} par warna account hamesha k liye band ho jaye ga.,Apka HBL ka acount KYC update na hone ki waja se block ho gaya h. Abhi pin code dain 0383056475 par warna acount hamesha k liye band ho jaye ga.,apka hbl ka account kyc update na hone ki waja se block ho gaya hai. abhi pin code dain 0383056475 par warna account hamesha k liye band ho jaye ga.,1,Phishing - Account Block Threat,4
apka {BRAND} ka account tax jama na krwane ki waja se block ho gaya hai. abhi sms karein {PHONE} par warna account hamesha k liye band ho jaye ga.,Apka UBL ka acount tax jama na krwane ki waja se block ho gaya h. Abhi sms karin 0357340466 par warna acount hamesha k liye band ho jaye ga.,apka ubl ka account tax jama na krwane ki waja se block ho gaya hai. abhi sms karein 0357340466 par warna account hamesha k liye band ho jaye ga.,1,Phishing - Account Block Threat,4
"bha apke number par ghalti se mere {AMOUNT} rs aa gaye han {BRAND} me, please wapis bhej dain shukar guzar hunga.","Bha apke number par ghalti se mere 350 rs aa gaye han easypaisa me, please wapis bhej dain shukar guzar hunga.","bha apke number par ghalti se mere 350 rs aa gaye han easypaisa me, please wapis bhej dain shukar guzar hunga.",1,Phishing - Wrong Number Refund Scam,4
"bhai apke number par ghalti se mere {AMOUNT} rs aa gaye hain {BRAND} me, please wapis bhej dain shukar guzar hunga.","Bhai apke number par ghalti se mere 5000 rs aa gaye hain easypaisa me, please wapis bhej dain shukar guzar hunga.","bhai apke number par ghalti se mere 5000 rs aa gaye hain easypaisa me, please wapis bhej dain shukar guzar hunga.",1,Phishing - Wrong Number Refund Scam,4
apka {BRAND} ka account tax jama na krwane ki waja se block ho gaya hai. abhi details send krain {PHONE} par warna account hamesha k liye band ho jaye ga.,Apka UBL ka account tax jama na krwane ki waja se block ho gaya hai. Abhi details send krain 0380251778 par warna account hamesha k liye band ho jaye ga.,apka ubl ka account tax jama na krwane ki waja se block ho gaya hai. abhi details send krain 0380251778 par warna account hamesha k liye band ho jaye ga.,1,Phishing - Account Block Threat,4
apka {BRAND} ka account suspicious activity ki waja se block ho gaya hai. abhi otp bataen {PHONE} par warna account hamesha k liye band ho jaye ga.,Apka HBL ka account suspicious activity ki waja se block ho gaya hai. Abhi OTP bataen 0349287760 par warna account hamesha k liye band ho jaye ga.,apka hbl ka account suspicious activity ki waja se block ho gaya hai. abhi otp bataen 0349287760 par warna account hamesha k liye band ho jaye ga.,1,Phishing - Account Block Threat,4
apka {BRAND} ka account kyc update na hone ki waja se block ho gaya hai. abhi sms karein {PHONE} par warna account hamesha k liye band ho jaye ga.,Apka HBL ka acount KYC update na hone ki waja se block ho gaya ha. Abhi sms karin 0352969378 par warna acount hamesha k liye band ho jaye ga.,apka hbl ka account kyc update na hone ki waja se block ho gaya hai. abhi sms karein 0352969378 par warna account hamesha k liye band ho jaye ga.,1,Phishing - Account Block Threat,4
"dear customer, apke {BRAND} acc me {AMOUNT} pkr deposit hue hain. available balance: {AMOUNT} pkr.","Dear Customer, Apke NayaPay acc me 350 PKR deposit hue hn. Available Balance: 350 PKR.","dear customer, apke nayapay acc me 350 pkr deposit hue hain. available balance: 350 pkr.",0,Bank Deposit Notification,4
{BRAND} ki taraf se apka {BRAND} account freeze kr dia gya hai. unblock krwane k lie abhi otp otp bataen.,FBR ki taraf se apka UBL account freeze kr dia gya hai. Unblock krwane k lie abhi OTP OTP bataen.,fbr ki taraf se apka ubl account freeze kr dia gya hai. unblock krwane k lie abhi otp otp bataen.,1,Phishing - Account Freeze (FBR) Threat,4
"moaziz sarif, apka {BRAND} ki taraf se {AMOUNT} pkr ka inaam nikla hai. taseeq k liye {PHONE} par pin code dain.","Moaziz sarif, apka BISP ki taraf se 12500 PKR ka inaam nikla hai. Taseeq k liye 0362242481 par pin code dain.","moaziz sarif, apka bisp ki taraf se 12500 pkr ka inaam nikla hai. taseeq k liye 0362242481 par pin code dain.",1,Phishing - Reward/Lottery Scam,4
{BRAND} ki taraf se apka {BRAND} account freeze kr dia gya hai. unblock krwane k lie abhi otp sms karein.,FBR ki taraf se apka MCB account freeze kr dia gya hai. Unblock krwane k lie abhi OTP sms karin.,fbr ki taraf se apka mcb account freeze kr dia gya hai. unblock krwane k lie abhi otp sms karein.,1,Phishing - Account Freeze (FBR) Threat,4
apka {BRAND} ka account kyc update na hone ki waja se block ho gaya hai. abhi details send krain {PHONE} par warna account hamesha k liye band ho jaye ga.,Apka UBL ka account KYC update na hone ki waja se block ho gaya hai. Abhi details send krain 0348633963 par warna account hamesha k liye band ho jaye ga.,apka ubl ka account kyc update na hone ki waja se block ho gaya hai. abhi details send krain 0348633963 par warna account hamesha k liye band ho jaye ga.,1,Phishing - Account Block Threat,4
apka {BRAND} account hack hone ka khatra hai. apna password change krne k lie abhi is number par otp bataen.,Apka HBL account hack hone ka khatra hai. Apna password change krne k lie abhi is number par OTP bataen.,apka hbl account hack hone ka khatra hai. apna password change krne k lie abhi is number par otp bataen.,1,Phishing - Account Hack Warning,4
mubarak ho! {BRAND} main apka {NUM} ka inam lga ha. apna inam hasil krne k lie apna state bank pin is number par send krin.,Mubarak ho! BISP main apka 10000 ka inam lga ha. Apna inam hasil krne k lie apna State Bank pin is number par send krin.,mubarak ho! bisp main apka 10000 ka inam lga ha. apna inam hasil krne k lie apna state bank pin is number par send krin.,1,Phishing - Reward/Lottery Scam,3
{BRAND} ki taraf se apka {BRAND} acc freeze kr dia gya ha. unblock krwane k lie abhi otp call karein.,FBR ki taraf se apka JazzCash acc freeze kr dia gya ha. Unblock krwane k lie abhi OTP call kren.,fbr ki taraf se apka jazzcash acc freeze kr dia gya ha. unblock krwane k lie abhi otp call karein.,1,Phishing - Account Freeze (FBR) Threat,3
apka {BRAND} ka account verification na hone ki waja se block ho gaya hai. abhi sms karein {PHONE} par warna account hamesha k liye band ho jaye ga.,Apka HBL ka account verification na hone ki waja se block ho gaya hai. Abhi sms karin 0354160912 par warna account hamesha k liye band ho jaye ga.,apka hbl ka account verification na hone ki waja se block ho gaya hai. abhi sms karein 0354160912 par warna account hamesha k liye band ho jaye ga.,1,Phishing - Account Block Threat,3
apka {BRAND} ka account tax jama na krwane ki waja se block ho gaya hai. abhi pin code dain {PHONE} par warna account hamesha k liye band ho jaye ga.,Apka NayaPay ka acount tax jama na krwane ki waja se block ho gaya ha. Abhi pin code dain 0362062776 par warna acount hamesha k liye band ho jaye ga.,apka nayapay ka account tax jama na krwane ki waja se block ho gaya hai. abhi pin code dain 0362062776 par warna account hamesha k liye band ho jaye ga.,1,Phishing - Account Block Threat,3
apka {BRAND} account hack hone ka khatra hai. apna password change krne k lie abhi is number par rabta krein.,Apka HBL account hack hone ka khatra hai. Apna password change krne k lie abhi is number par rabta krein.,apka hbl account hack hone ka khatra hai. apna password change krne k lie abhi is number par rabta krein.,1,Phishing - Account Hack Warning,3
apka {BRAND} ka account verification na hone ki waja se block ho gaya hai. abhi pin code dain {PHONE} par warna account hamesha k liye band ho jaye ga.,Apka MCB ka account verification na hone ki waja se block ho gaya hai. Abhi pin code dain 0343664262 par warna account hamesha k liye band ho jaye ga.,apka mcb ka account verification na hone ki waja se block ho gaya hai. abhi pin code dain 0343664262 par warna account hamesha k liye band ho jaye ga.,1,Phishing - Account Block Threat,3
apka {BRAND} ka account system error ki waja se block ho gaya hai. abhi call karein {PHONE} par warna account hamesha k liye band ho jaye ga.,Apka HBL ka account system error ki waja se block ho gaya hai. Abhi call karein 0395035323 par warna account hamesha k liye band ho jaye ga.,apka hbl ka account system error ki waja se block ho gaya hai. abhi call karein 0395035323 par warna account hamesha k liye band ho jaye ga.,1,Phishing - Account Block Threat,3
apka {BRAND} ka account kyc update na hone ki waja se block ho gaya hai. abhi otp bataen {PHONE} par warna account hamesha k liye band ho jaye ga.,Apka MCB ka account KYC update na hone ki waja se block ho gaya hai. Abhi OTP bataen 0312954958 par warna account hamesha k liye band ho jaye ga.,apka mcb ka account kyc update na hone ki waja se block ho gaya hai. abhi otp bataen 0312954958 par warna account hamesha k liye band ho jaye ga.,1,Phishing - Account Block Threat,3
{BRAND} ki taraf se apka {BRAND} account freeze kr dia gya hai. unblock krwane k lie abhi otp pin code dain.,FBR ki taraf se apka SadaPay account freeze kr dia gya hai. Unblock krwane k lie abhi OTP pin code dain.,fbr ki taraf se apka sadapay account freeze kr dia gya hai. unblock krwane k lie abhi otp pin code dain.,1,Phishing - Account Freeze (FBR) Threat,3
"mubarak ho! jeeto pakistan main apka 50,000 ka inam lga ha. apna inam hasil krne k lie apna {BRAND} pin is number par send krin.","Mubarak ho! Jeeto Pakistan main apka 50,000 ka inam lga ha. Apna inam hasil krne k lie apna UBL pin is number par send krin.","mubarak ho! jeeto pakistan main apka 50,000 ka inam lga ha. apna inam hasil krne k lie apna ubl pin is number par send krin.",1,Phishing - Reward/Lottery Scam,3
apka {BRAND} account hack hone ka khatra hai. apna password change krne k lie abhi is number par sms karein.,Apka UBL account hack hone ka khatra hai. Apna password change krne k lie abhi is number par sms karin.,apka ubl account hack hone ka khatra hai. apna password change krne k lie abhi is number par sms karein.,1,Phishing - Account Hack Warning,3
apka {BRAND} account hack hone ka khatra hai. apna password change krne k lie abhi is number par details send krain.,Apka MCB account hack hone ka khatra hai. Apna password change krne k lie abhi is number par details send krain.,apka mcb account hack hone ka khatra hai. apna password change krne k lie abhi is number par details send krain.,1,Phishing - Account Hack Warning,3
{BRAND}: aap ne successfully {AMOUNT_WORDS} lakh pkr transfer kar diye han. trx id: {TRXID}.,Easypaisa: Aap ne successfully 1 Lakh PKR transfer kar diye han. Trx ID: 69137769.,easypaisa: aap ne successfully 1 lakh pkr transfer kar diye han. trx id: 69137769.,0,Mobile Wallet Transfer Confirmation,3
"moaziz sarif, apka {BRAND} ki taraf se {AMOUNT} pkr ka inaam nikla ha. taseeq k liye {PHONE} par sms karein.","Moaziz sarif, apka BISP ki taraf se 10000 PKR ka inaam nikla ha. Taseeq k liye 0398793936 par sms karin.","moaziz sarif, apka bisp ki taraf se 10000 pkr ka inaam nikla ha. taseeq k liye 0398793936 par sms karein.",1,Phishing - Reward/Lottery Scam,3
"moaziz sarif, apka {BRAND} ki taraf se {AMOUNT} pkr ka inaam nikla h. taseeq k liye {PHONE} par call karein.","Moaziz sarif, apka BISP ki taraf se 350 PKR ka inaam nikla h. Taseeq k liye 0358572400 par call krn.","moaziz sarif, apka bisp ki taraf se 350 pkr ka inaam nikla h. taseeq k liye 0358572400 par call karein.",1,Phishing - Reward/Lottery Scam,3
"moaziz sarif, apka {BRAND} ki taraf se {AMOUNT_WORDS} lakh pkr ka inaam nikla hai. taseeq k liye {PHONE} par sms karein.","Moaziz sarif, apka BISP ki taraf se 1 Lakh PKR ka inaam nikla hai. Taseeq k liye 0316513314 par sms karin.","moaziz sarif, apka bisp ki taraf se 1 lakh pkr ka inaam nikla hai. taseeq k liye 0316513314 par sms karein.",1,Phishing - Reward/Lottery Scam,3
"moaziz sarif, apka jeeto pakistan ki taraf se {AMOUNT} pkr ka inaam nikla hai. taseeq k liye {PHONE} par sms karein.","Moaziz sarif, apka Jeeto Pakistan ki taraf se 350 PKR ka inaam nikla hai. Taseeq k liye 0320946626 par sms karin.","moaziz sarif, apka jeeto pakistan ki taraf se 350 pkr ka inaam nikla hai. taseeq k liye 0320946626 par sms karein.",1,Phishing - Reward/Lottery Scam,3
"moaziz sarif, apka ehsaas program ki taraf se {AMOUNT} pkr ka inaam nikla hai. taseeq k liye {PHONE} par call karein.","Moaziz sarif, apka Ehsaas Program ki taraf se 350 PKR ka inaam nikla hai. Taseeq k liye 0390726737 par call karein.","moaziz sarif, apka ehsaas program ki taraf se 350 pkr ka inaam nikla hai. taseeq k liye 0390726737 par call karein.",1,Phishing - Government Scheme Scam,3
"dear consumer, apka is mahine ka ptcl ka bill {AMOUNT} pkr hai. due date guzarne se pehle ada karein.","Dear Consumer, apka is mahine ka PTCL ka bill 2500 PKR hai. Due date guzarne se pehle ada karein.","dear consumer, apka is mahine ka ptcl ka bill 2500 pkr hai. due date guzarne se pehle ada karein.",0,Utility Bill Payment Reminder,3
"dear consumer, apka is mahine ka sui gas ka bill {AMOUNT} pkr ha. due date guzarne se pehle ada karein.","Dear Consumer, apka is mahine ka Sui Gas ka bill 5000 PKR ha. Due date guzarne se pehle ada krn.","dear consumer, apka is mahine ka sui gas ka bill 5000 pkr ha. due date guzarne se pehle ada karein.",0,Utility Bill Payment Reminder,3
"dear consumer, apka is mahine ka {BRAND} ka bill {AMOUNT_WORDS} lakh pkr h. due date guzarne se pehle ada karein.","Dear Consumer, apka is mahine ka WASA ka bill 1 Lakh PKR h. Due date guzarne se pehle ada krn.","dear consumer, apka is mahine ka wasa ka bill 1 lakh pkr h. due date guzarne se pehle ada karein.",0,Utility Bill Payment Reminder,3
"moaziz sarif, apka ehsaas program ki taraf se {AMOUNT} pkr ka inaam nikla hai. taseeq k liye {PHONE} par pin code dain.","Moaziz sarif, apka Ehsaas Program ki taraf se 350 PKR ka inaam nikla hai. Taseeq k liye 0355233806 par pin code dain.","moaziz sarif, apka ehsaas program ki taraf se 350 pkr ka inaam nikla hai. taseeq k liye 0355233806 par pin code dain.",1,Phishing - Government Scheme Scam,3
{BRAND} ki taraf se apka {BRAND} acc freeze kr dia gya ha. unblock krwane k lie abhi otp pin code dain.,FBR ki taraf se apka MCB acc freeze kr dia gya ha. Unblock krwane k lie abhi OTP pin code dain.,fbr ki taraf se apka mcb acc freeze kr dia gya ha. unblock krwane k lie abhi otp pin code dain.,1,Phishing - Account Freeze (FBR) Threat,3
salary of {AMOUNT} pkr has been credited to your state bank account. thank you.,Salary of 2500 PKR has been credited to your State Bank account. Thank you.,salary of 2500 pkr has been credited to your state bank account. thank you.,0,Salary Credit Notification,3
apka {BRAND} ka account suspicious activity ki waja se block ho gaya hai. abhi rabta krein {PHONE} par warna account hamesha k liye band ho jaye ga.,Apka MCB ka account suspicious activity ki waja se block ho gaya hai. Abhi rabta krein 0345380989 par warna account hamesha k liye band ho jaye ga.,apka mcb ka account suspicious activity ki waja se block ho gaya hai. abhi rabta krein 0345380989 par warna account hamesha k liye band ho jaye ga.,1,Phishing - Account Block Threat,3
apka {BRAND} ka account kyc update na hone ki waja se block ho gaya hai. abhi rabta krein {PHONE} par warna account hamesha k liye band ho jaye ga.,Apka UBL ka account KYC update na hone ki waja se block ho gaya hai. Abhi rabta krein 0374852629 par warna account hamesha k liye band ho jaye ga.,apka ubl ka account kyc update na hone ki waja se block ho gaya hai. abhi rabta krein 0374852629 par warna account hamesha k liye band ho jaye ga.,1,Phishing - Account Block Threat,3
apka {BRAND} ka account tax jama na krwane ki waja se block ho gaya hai. abhi call karein {PHONE} par warna account hamesha k liye band ho jaye ga.,Apka NayaPay ka account tax jama na krwane ki waja se block ho gaya hai. Abhi call karein 0312966973 par warna account hamesha k liye band ho jaye ga.,apka nayapay ka account tax jama na krwane ki waja se block ho gaya hai. abhi call karein 0312966973 par warna account hamesha k liye band ho jaye ga.,1,Phishing - Account Block Threat,3
apka {BRAND} ka account suspicious activity ki waja se block ho gaya hai. abhi sms karein {PHONE} par warna account hamesha k liye band ho jaye ga.,Apka HBL ka acount suspicious activity ki waja se block ho gaya ha. Abhi sms karin 0329312391 par warna acount hamesha k liye band ho jaye ga.,apka hbl ka account suspicious activity ki waja se block ho gaya hai. abhi sms karein 0329312391 par warna account hamesha k liye band ho jaye ga.,1,Phishing - Account Block Threat,3
aap k state bank account se {AMOUNT} pkr ki deduction hui hai tax ki madd mein.,Aap k State Bank account se 12500 PKR ki deduction hui hai tax ki madd mein.,aap k state bank account se 12500 pkr ki deduction hui hai tax ki madd mein.,0,Bank Tax Deduction Notification,3
aap k {BRAND} account se {AMOUNT} pkr ki deduction hui ha tax ki madd mein.,"Aap k MCB acount se 50,000 PKR ki deduction hui ha tax ki madd mein.","aap k mcb account se 50,000 pkr ki deduction hui ha tax ki madd mein.",0,Bank Tax Deduction Notification,3
apka {BRAND} ka account verification na hone ki waja se block ho gaya hai. abhi call karein {PHONE} par warna account hamesha k liye band ho jaye ga.,Apka NayaPay ka account verification na hone ki waja se block ho gaya hai. Abhi call karein 0335235527 par warna account hamesha k liye band ho jaye ga.,apka nayapay ka account verification na hone ki waja se block ho gaya hai. abhi call karein 0335235527 par warna account hamesha k liye band ho jaye ga.,1,Phishing - Account Block Threat,2
apka {BRAND} ka account verification na hone ki waja se block ho gaya hai. abhi details send krain {PHONE} par warna account hamesha k liye band ho jaye ga.,Apka MCB ka account verification na hone ki waja se block ho gaya hai. Abhi details send krain 0386093497 par warna account hamesha k liye band ho jaye ga.,apka mcb ka account verification na hone ki waja se block ho gaya hai. abhi details send krain 0386093497 par warna account hamesha k liye band ho jaye ga.,1,Phishing - Account Block Threat,2
apka {BRAND} ka account system error ki waja se block ho gaya hai. abhi otp bataen {PHONE} par warna account hamesha k liye band ho jaye ga.,Apka Meezan Bank ka acount system error ki waja se block ho gaya h. Abhi OTP bataen 0363903534 par warna acount hamesha k liye band ho jaye ga.,apka meezan bank ka account system error ki waja se block ho gaya hai. abhi otp bataen 0363903534 par warna account hamesha k liye band ho jaye ga.,1,Phishing - Account Block Threat,2
aap ka state bank debit card atm par use hua hai. amount: {AMOUNT_WORDS} lakh pkr. agar yeh aap ne nahi kiya toh helpline par call karein.,Aap ka State Bank debit card ATM par use hua ha. Amount: 1 Lakh PKR. Agar yeh aap ne nahi kiya toh helpline par call krn.,aap ka state bank debit card atm par use hua hai. amount: 1 lakh pkr. agar yeh aap ne nahi kiya toh helpline par call karein.,0,Bank ATM Transaction Alert,2
mubarak ho! jeeto pakistan main apka {AMOUNT_WORDS} lakh ka inam lga ha. apna inam hasil krne k lie apna {BRAND} pin is number par send krin.,Mubarak ho! Jeeto Pakistan main apka 1 Lakh ka inam lga ha. Apna inam hasil krne k lie apna HBL pin is number par send krin.,mubarak ho! jeeto pakistan main apka 1 lakh ka inam lga ha. apna inam hasil krne k lie apna hbl pin is number par send krin.,1,Phishing - Reward/Lottery Scam,2
"mubarak ho! ehsaas program main apka 75,000 ka inam lga ha. apna inam hasil krne k lie apna {BRAND} pin is number par send krin.","Mubarak ho! Ehsaas Program main apka 75,000 ka inam lga ha. Apna inam hasil krne k lie apna MCB pin is number par send krin.","mubarak ho! ehsaas program main apka 75,000 ka inam lga ha. apna inam hasil krne k lie apna mcb pin is number par send krin.",1,Phishing - Government Scheme Scam,2
{BRAND} ki taraf se apka {BRAND} account freeze kr dia gya hai. unblock krwane k lie abhi otp details send krain.,FBR ki taraf se apka HBL account freeze kr dia gya hai. Unblock krwane k lie abhi OTP details send krain.,fbr ki taraf se apka hbl account freeze kr dia gya hai. unblock krwane k lie abhi otp details send krain.,1,Phishing - Account Freeze (FBR) Threat,2
"mubarak ho! jeeto pakistan main apka 75,000 ka inam lga ha. apna inam hasil krne k lie apna {BRAND} pin is number par send krin.","Mubarak ho! Jeeto Pakistan main apka 75,000 ka inam lga ha. Apna inam hasil krne k lie apna NayaPay pin is number par send krin.","mubarak ho! jeeto pakistan main apka 75,000 ka inam lga ha. apna inam hasil krne k lie apna nayapay pin is number par send krin.",1,Phishing - Reward/Lottery Scam,2
mubarak ho! jeeto pakistan main apka 350 ka inam lga ha. apna inam hasil krne k lie apna {BRAND} pin is number par send krin.,Mubarak ho! Jeeto Pakistan main apka 350 ka inam lga ha. Apna inam hasil krne k lie apna UBL pin is number par send krin.,mubarak ho! jeeto pakistan main apka 350 ka inam lga ha. apna inam hasil krne k lie apna ubl pin is number par send krin.,1,Phishing - Reward/Lottery Scam,2
{BRAND} ki taraf se apka {BRAND} acc freeze kr dia gya h. unblock krwane k lie abhi otp call karein.,FBR ki taraf se apka NayaPay acc freeze kr dia gya h. Unblock krwane k lie abhi OTP call karin.,fbr ki taraf se apka nayapay acc freeze kr dia gya h. unblock krwane k lie abhi otp call karein.,1,Phishing - Account Freeze (FBR) Threat,2
"moaziz sarif, apka jeeto pakistan ki taraf se {AMOUNT} pkr ka inaam nikla hai. taseeq k liye {PHONE} par rabta krein.","Moaziz sarif, apka Jeeto Pakistan ki taraf se 10000 PKR ka inaam nikla hai. Taseeq k liye 0381951627 par rabta krein.","moaziz sarif, apka jeeto pakistan ki taraf se 10000 pkr ka inaam nikla hai. taseeq k liye 0381951627 par rabta krein.",1,Phishing - Reward/Lottery Scam,2
"moaziz sarif, apka jeeto pakistan ki taraf se {AMOUNT} pkr ka inaam nikla hai. taseeq k liye {PHONE} par call karein.","Moaziz sarif, apka Jeeto Pakistan ki taraf se 5000 PKR ka inaam nikla hai. Taseeq k liye 0343252849 par call karein.","moaziz sarif, apka jeeto pakistan ki taraf se 5000 pkr ka inaam nikla hai. taseeq k liye 0343252849 par call karein.",1,Phishing - Reward/Lottery Scam,2
"moaziz sarif, apka ehsaas program ki taraf se {AMOUNT_WORDS} lakh pkr ka inaam nikla hai. taseeq k liye {PHONE} par details send krain.","Moaziz sarif, apka Ehsaas Program ki taraf se 1 Lakh PKR ka inaam nikla hai. Taseeq k liye 0365684090 par details send krain.","moaziz sarif, apka ehsaas program ki taraf se 1 lakh pkr ka inaam nikla hai. taseeq k liye 0365684090 par details send krain.",1,Phishing - Government Scheme Scam,2
"dear consumer, apka is mahine ka sui gas ka bill {AMOUNT} pkr hai. due date guzarne se pehle ada karein.","Dear Consumer, apka is mahine ka Sui Gas ka bill 2500 PKR hai. Due date guzarne se pehle ada karein.","dear consumer, apka is mahine ka sui gas ka bill 2500 pkr hai. due date guzarne se pehle ada karein.",0,Utility Bill Payment Reminder,2
"moaziz sarif, apka jeeto pakistan ki taraf se {AMOUNT} pkr ka inaam nikla hai. taseeq k liye {PHONE} par pin code dain.","Moaziz sarif, apka Jeeto Pakistan ki taraf se 350 PKR ka inaam nikla hai. Taseeq k liye 0397838423 par pin code dain.","moaziz sarif, apka jeeto pakistan ki taraf se 350 pkr ka inaam nikla hai. taseeq k liye 0397838423 par pin code dain.",1,Phishing - Reward/Lottery Scam,2
"moaziz sarif, apka jeeto pakistan ki taraf se {AMOUNT} pkr ka inaam nikla ha. taseeq k liye {PHONE} par rabta krein.","Moaziz sarif, apka Jeeto Pakistan ki taraf se 10000 PKR ka inaam nikla ha. Taseeq k liye 0340255178 par rabta krein.","moaziz sarif, apka jeeto pakistan ki taraf se 10000 pkr ka inaam nikla ha. taseeq k liye 0340255178 par rabta krein.",1,Phishing - Reward/Lottery Scam,2
"dear consumer, apka is mahine ka {BRAND} ka bill {AMOUNT_WORDS} lakh pkr hai. due date guzarne se pehle ada karein.","Dear Consumer, apka is mahine ka LESCO ka bill 1 Lakh PKR hai. Due date guzarne se pehle ada karein.","dear consumer, apka is mahine ka lesco ka bill 1 lakh pkr hai. due date guzarne se pehle ada karein.",0,Utility Bill Payment Reminder,2
apka state bank ka account verification na hone ki waja se block ho gaya hai. abhi sms karein {PHONE} par warna account hamesha k liye band ho jaye ga.,Apka State Bank ka acount verification na hone ki waja se block ho gaya ha. Abhi sms karin 0391538432 par warna acount hamesha k liye band ho jaye ga.,apka state bank ka account verification na hone ki waja se block ho gaya hai. abhi sms karein 0391538432 par warna account hamesha k liye band ho jaye ga.,1,Phishing - Account Block Threat,2
apka state bank ka account tax jama na krwane ki waja se block ho gaya hai. abhi rabta krein {PHONE} par warna account hamesha k liye band ho jaye ga.,Apka State Bank ka account tax jama na krwane ki waja se block ho gaya hai. Abhi rabta krein 0355307670 par warna account hamesha k liye band ho jaye ga.,apka state bank ka account tax jama na krwane ki waja se block ho gaya hai. abhi rabta krein 0355307670 par warna account hamesha k liye band ho jaye ga.,1,Phishing - Account Block Threat,2
aap k {BRAND} account se {AMOUNT_WORDS} lakh pkr ki deduction hui hai tax ki madd mein.,Aap k MCB account se 1 Lakh PKR ki deduction hui hai tax ki madd mein.,aap k mcb account se 1 lakh pkr ki deduction hui hai tax ki madd mein.,0,Bank Tax Deduction Notification,2
apka {BRAND} acc hack hone ka khatra h. apna password change krne k lie abhi is number par sms karein.,Apka MCB acc hack hone ka khatra h. Apna password change krne k lie abhi is number par sms karin.,apka mcb acc hack hone ka khatra h. apna password change krne k lie abhi is number par sms karein.,1,Phishing - Account Hack Warning,2
apka {BRAND} ka account system error ki waja se block ho gaya hai. abhi pin code dain {PHONE} par warna account hamesha k liye band ho jaye ga.,Apka MCB ka account system error ki waja se block ho gaya hai. Abhi pin code dain 0388847639 par warna account hamesha k liye band ho jaye ga.,apka mcb ka account system error ki waja se block ho gaya hai. abhi pin code dain 0388847639 par warna account hamesha k liye band ho jaye ga.,1,Phishing - Account Block Threat,2
apka {BRAND} account hack hone ka khatra hai. apna password change krne k lie abhi is number par call karein.,Apka SadaPay account hack hone ka khatra hai. Apna password change krne k lie abhi is number par call karein.,apka sadapay account hack hone ka khatra hai. apna password change krne k lie abhi is number par call karein.,1,Phishing - Account Hack Warning,2
apka {BRAND} ka account suspicious activity ki waja se block ho gaya hai. abhi pin code dain {PHONE} par warna account hamesha k liye band ho jaye ga.,Apka HBL ka account suspicious activity ki waja se block ho gaya hai. Abhi pin code dain 0370160036 par warna account hamesha k liye band ho jaye ga.,apka hbl ka account suspicious activity ki waja se block ho gaya hai. abhi pin code dain 0370160036 par warna account hamesha k liye band ho jaye ga.,1,Phishing - Account Block Threat,2
apka {BRAND} ka account system error ki waja se block ho gaya hai. abhi sms karein {PHONE} par warna account hamesha k liye band ho jaye ga.,Apka Allied Bank ka account system error ki waja se block ho gaya hai. Abhi sms karin 0387220430 par warna account hamesha k liye band ho jaye ga.,apka allied bank ka account system error ki waja se block ho gaya hai. abhi sms karein 0387220430 par warna account hamesha k liye band ho jaye ga.,1,Phishing - Account Block Threat,2
apka {BRAND} ka acc verification na hone ki waja se block ho gaya hai. abhi sms karein {PHONE} par warna acc hamesha k liye band ho jaye ga.,Apka JazzCash ka acc verification na hone ki waja se block ho gaya ha. Abhi sms karin 0381255876 par warna acc hamesha k liye band ho jaye ga.,apka jazzcash ka acc verification na hone ki waja se block ho gaya hai. abhi sms karein 0381255876 par warna acc hamesha k liye band ho jaye ga.,1,Phishing - Account Block Threat,2
"dear consumer, apka is mahine ka ptcl ka bill {AMOUNT} pkr ha. due date guzarne se pehle ada karein.","Dear Consumer, apka is mahine ka PTCL ka bill 350 PKR ha. Due date guzarne se pehle ada krn.","dear consumer, apka is mahine ka ptcl ka bill 350 pkr ha. due date guzarne se pehle ada karein.",0,Utility Bill Payment Reminder,2
"moaziz sarif, apka ehsaas program ki taraf se {AMOUNT} pkr ka inaam nikla hai. taseeq k liye {PHONE} par sms karein.","Moaziz sarif, apka Ehsaas Program ki taraf se 350 PKR ka inaam nikla hai. Taseeq k liye 0321966419 par sms karin.","moaziz sarif, apka ehsaas program ki taraf se 350 pkr ka inaam nikla hai. taseeq k liye 0321966419 par sms karein.",1,Phishing - Government Scheme Scam,2
"dear consumer, apka is mahine ka ptcl ka bill {AMOUNT} pkr h. due date guzarne se pehle ada karein.","Dear Consumer, apka is mahine ka PTCL ka bill 5000 PKR h. Due date guzarne se pehle ada krn.","dear consumer, apka is mahine ka ptcl ka bill 5000 pkr h. due date guzarne se pehle ada karein.",0,Utility Bill Payment Reminder,2
apka {BRAND} ka acc tax jama na krwane ki waja se block ho gaya hai. abhi call karein {PHONE} par warna acc hamesha k liye band ho jaye ga.,Apka MCB ka acc tax jama na krwane ki waja se block ho gaya h. Abhi call karin 0315835400 par warna acc hamesha k liye band ho jaye ga.,apka mcb ka acc tax jama na krwane ki waja se block ho gaya hai. abhi call karein 0315835400 par warna acc hamesha k liye band ho jaye ga.,1,Phishing - Account Block Threat,1
apka {BRAND} acc hack hone ka khatra ha. apna password change krne k lie abhi is number par sms karein.,Apka NayaPay acc hack hone ka khatra ha. Apna password change krne k lie abhi is number par sms karin.,apka nayapay acc hack hone ka khatra ha. apna password change krne k lie abhi is number par sms karein.,1,Phishing - Account Hack Warning,1
apka {BRAND} acc hack hone ka khatra ha. apna password change krne k lie abhi is number par pin code dain.,Apka NayaPay acc hack hone ka khatra ha. Apna password change krne k lie abhi is number par pin code dain.,apka nayapay acc hack hone ka khatra ha. apna password change krne k lie abhi is number par pin code dain.,1,Phishing - Account Hack Warning,1
apka {BRAND} account hack hone ka khatra h. apna password change krne k lie abhi is number par rabta krein.,Apka SadaPay acount hack hone ka khatra h. Apna password change krne k lie abhi is number par rabta krein.,apka sadapay account hack hone ka khatra h. apna password change krne k lie abhi is number par rabta krein.,1,Phishing - Account Hack Warning,1
apka {BRAND} ka acc system error ki waja se block ho gaya hai. abhi details send krain {PHONE} par warna acc hamesha k liye band ho jaye ga.,Apka NayaPay ka acc system error ki waja se block ho gaya h. Abhi details send krain 0398264956 par warna acc hamesha k liye band ho jaye ga.,apka nayapay ka acc system error ki waja se block ho gaya hai. abhi details send krain 0398264956 par warna acc hamesha k liye band ho jaye ga.,1,Phishing - Account Block Threat,1
apka {BRAND} ka account tax jama na krwane ki waja se block ho gaya hai. abhi rabta krein {PHONE} par warna account hamesha k liye band ho jaye ga.,Apka MCB ka account tax jama na krwane ki waja se block ho gaya hai. Abhi rabta krein 0397184576 par warna account hamesha k liye band ho jaye ga.,apka mcb ka account tax jama na krwane ki waja se block ho gaya hai. abhi rabta krein 0397184576 par warna account hamesha k liye band ho jaye ga.,1,Phishing - Account Block Threat,1
apka {BRAND} ka acc suspicious activity ki waja se block ho gaya hai. abhi call karein {PHONE} par warna acc hamesha k liye band ho jaye ga.,Apka UBL ka acc suspicious activity ki waja se block ho gaya ha. Abhi call kren 0326022960 par warna acc hamesha k liye band ho jaye ga.,apka ubl ka acc suspicious activity ki waja se block ho gaya hai. abhi call karein 0326022960 par warna acc hamesha k liye band ho jaye ga.,1,Phishing - Account Block Threat,1
aap k {BRAND} account se {AMOUNT_WORDS} lakh pkr ki deduction hui h tax ki madd mein.,Aap k HBL acount se 1 Lakh PKR ki deduction hui h tax ki madd mein.,aap k hbl account se 1 lakh pkr ki deduction hui h tax ki madd mein.,0,Bank Tax Deduction Notification,1
aap k {BRAND} acc se {AMOUNT_WORDS} lakh pkr ki deduction hui h tax ki madd mein.,Aap k HBL acc se 1 Lakh PKR ki deduction hui h tax ki madd mein.,aap k hbl acc se 1 lakh pkr ki deduction hui h tax ki madd mein.,0,Bank Tax Deduction Notification,1
aap k {BRAND} acc se {AMOUNT_WORDS} lakh pkr ki deduction hui ha tax ki madd mein.,Aap k Meezan Bank acc se 1 Lakh PKR ki deduction hui ha tax ki madd mein.,aap k meezan bank acc se 1 lakh pkr ki deduction hui ha tax ki madd mein.,0,Bank Tax Deduction Notification,1
apka state bank account hack hone ka khatra h. apna password change krne k lie abhi is number par sms karein.,Apka State Bank acount hack hone ka khatra h. Apna password change krne k lie abhi is number par sms karin.,apka state bank account hack hone ka khatra h. apna password change krne k lie abhi is number par sms karein.,1,Phishing - Account Hack Warning,1
apka state bank account hack hone ka khatra hai. apna password change krne k lie abhi is number par sms karein.,Apka State Bank account hack hone ka khatra hai. Apna password change krne k lie abhi is number par sms karin.,apka state bank account hack hone ka khatra hai. apna password change krne k lie abhi is number par sms karein.,1,Phishing - Account Hack Warning,1
apka state bank ka acc suspicious activity ki waja se block ho gaya hai. abhi rabta krein {PHONE} par warna acc hamesha k liye band ho jaye ga.,Apka State Bank ka acc suspicious activity ki waja se block ho gaya ha. Abhi rabta krein 0348454773 par warna acc hamesha k liye band ho jaye ga.,apka state bank ka acc suspicious activity ki waja se block ho gaya hai. abhi rabta krein 0348454773 par warna acc hamesha k liye band ho jaye ga.,1,Phishing - Account Block Threat,1
apka state bank account hack hone ka khatra ha. apna password change krne k lie abhi is number par otp bataen.,Apka State Bank acount hack hone ka khatra ha. Apna password change krne k lie abhi is number par OTP bataen.,apka state bank account hack hone ka khatra ha. apna password change krne k lie abhi is number par otp bataen.,1,Phishing - Account Hack Warning,1
apka state bank account hack hone ka khatra hai. apna password change krne k lie abhi is number par otp bataen.,Apka State Bank account hack hone ka khatra hai. Apna password change krne k lie abhi is number par OTP bataen.,apka state bank account hack hone ka khatra hai. apna password change krne k lie abhi is number par otp bataen.,1,Phishing - Account Hack Warning,1
apka state bank ka account kyc update na hone ki waja se block ho gaya hai. abhi otp bataen {PHONE} par warna account hamesha k liye band ho jaye ga.,Apka State Bank ka account KYC update na hone ki waja se block ho gaya hai. Abhi OTP bataen 0344037735 par warna account hamesha k liye band ho jaye ga.,apka state bank ka account kyc update na hone ki waja se block ho gaya hai. abhi otp bataen 0344037735 par warna account hamesha k liye band ho jaye ga.,1,Phishing - Account Block Threat,1
apka state bank ka account kyc update na hone ki waja se block ho gaya hai. abhi call karein {PHONE} par warna account hamesha k liye band ho jaye ga.,Apka State Bank ka account KYC update na hone ki waja se block ho gaya hai. Abhi call karein 0310151539 par warna account hamesha k liye band ho jaye ga.,apka state bank ka account kyc update na hone ki waja se block ho gaya hai. abhi call karein 0310151539 par warna account hamesha k liye band ho jaye ga.,1,Phishing - Account Block Threat,1
apka state bank ka account suspicious activity ki waja se block ho gaya hai. abhi call karein {PHONE} par warna account hamesha k liye band ho jaye ga.,Apka State Bank ka account suspicious activity ki waja se block ho gaya hai. Abhi call karein 0390987702 par warna account hamesha k liye band ho jaye ga.,apka state bank ka account suspicious activity ki waja se block ho gaya hai. abhi call karein 0390987702 par warna account hamesha k liye band ho jaye ga.,1,Phishing - Account Block Threat,1
apka state bank ka account suspicious activity ki waja se block ho gaya hai. abhi pin code dain {PHONE} par warna account hamesha k liye band ho jaye ga.,Apka State Bank ka account suspicious activity ki waja se block ho gaya hai. Abhi pin code dain 0310305459 par warna account hamesha k liye band ho jaye ga.,apka state bank ka account suspicious activity ki waja se block ho gaya hai. abhi pin code dain 0310305459 par warna account hamesha k liye band ho jaye ga.,1,Phishing - Account Block Threat,1
apka state bank ka account tax jama na krwane ki waja se block ho gaya hai. abhi call karein {PHONE} par warna account hamesha k liye band ho jaye ga.,Apka State Bank ka account tax jama na krwane ki waja se block ho gaya hai. Abhi call karein 0338090309 par warna account hamesha k liye band ho jaye ga.,apka state bank ka account tax jama na krwane ki waja se block ho gaya hai. abhi call karein 0338090309 par warna account hamesha k liye band ho jaye ga.,1,Phishing - Account Block Threat,1
apka {BRAND} account hack hone ka khatra h. apna password change krne k lie abhi is number par call karein.,Apka UBL acount hack hone ka khatra h. Apna password change krne k lie abhi is number par call karin.,apka ubl account hack hone ka khatra h. apna password change krne k lie abhi is number par call karein.,1,Phishing - Account Hack Warning,1
apka {BRAND} acc hack hone ka khatra h. apna password change krne k lie abhi is number par otp bataen.,Apka JazzCash acc hack hone ka khatra h. Apna password change krne k lie abhi is number par OTP bataen.,apka jazzcash acc hack hone ka khatra h. apna password change krne k lie abhi is number par otp bataen.,1,Phishing - Account Hack Warning,1
apka {BRAND} acc hack hone ka khatra h. apna password change krne k lie abhi is number par details send krain.,Apka Allied Bank acc hack hone ka khatra h. Apna password change krne k lie abhi is number par details send krain.,apka allied bank acc hack hone ka khatra h. apna password change krne k lie abhi is number par details send krain.,1,Phishing - Account Hack Warning,1
apka {BRAND} account hack hone ka khatra hai. apna password change krne k lie abhi is number par pin code dain.,Apka HBL account hack hone ka khatra hai. Apna password change krne k lie abhi is number par pin code dain.,apka hbl account hack hone ka khatra hai. apna password change krne k lie abhi is number par pin code dain.,1,Phishing - Account Hack Warning,1
apka {BRAND} account hack hone ka khatra ha. apna password change krne k lie abhi is number par details send krain.,Apka Allied Bank acount hack hone ka khatra ha. Apna password change krne k lie abhi is number par details send krain.,apka allied bank account hack hone ka khatra ha. apna password change krne k lie abhi is number par details send krain.,1,Phishing - Account Hack Warning,1
apka {BRAND} account hack hone ka khatra ha. apna password change krne k lie abhi is number par sms karein.,Apka UBL acount hack hone ka khatra ha. Apna password change krne k lie abhi is number par sms karin.,apka ubl account hack hone ka khatra ha. apna password change krne k lie abhi is number par sms karein.,1,Phishing - Account Hack Warning,1
apka {BRAND} acc hack hone ka khatra ha. apna password change krne k lie abhi is number par details send krain.,Apka Allied Bank acc hack hone ka khatra ha. Apna password change krne k lie abhi is number par details send krain.,apka allied bank acc hack hone ka khatra ha. apna password change krne k lie abhi is number par details send krain.,1,Phishing - Account Hack Warning,1
apka {BRAND} ka acc kyc update na hone ki waja se block ho gaya hai. abhi call karein {PHONE} par warna acc hamesha k liye band ho jaye ga.,Apka SadaPay ka acc KYC update na hone ki waja se block ho gaya ha. Abhi call karin 0380909208 par warna acc hamesha k liye band ho jaye ga.,apka sadapay ka acc kyc update na hone ki waja se block ho gaya hai. abhi call karein 0380909208 par warna acc hamesha k liye band ho jaye ga.,1,Phishing - Account Block Threat,1
apka {BRAND} ka acc kyc update na hone ki waja se block ho gaya hai. abhi otp bataen {PHONE} par warna acc hamesha k liye band ho jaye ga.,Apka MCB ka acc KYC update na hone ki waja se block ho gaya ha. Abhi OTP bataen 0392494467 par warna acc hamesha k liye band ho jaye ga.,apka mcb ka acc kyc update na hone ki waja se block ho gaya hai. abhi otp bataen 0392494467 par warna acc hamesha k liye band ho jaye ga.,1,Phishing - Account Block Threat,1
apka {BRAND} ka acc kyc update na hone ki waja se block ho gaya hai. abhi pin code dain {PHONE} par warna acc hamesha k liye band ho jaye ga.,Apka Meezan Bank ka acc KYC update na hone ki waja se block ho gaya h. Abhi pin code dain 0366211836 par warna acc hamesha k liye band ho jaye ga.,apka meezan bank ka acc kyc update na hone ki waja se block ho gaya hai. abhi pin code dain 0366211836 par warna acc hamesha k liye band ho jaye ga.,1,Phishing - Account Block Threat,1
apka {BRAND} ka acc tax jama na krwane ki waja se block ho gaya hai. abhi details send krain {PHONE} par warna acc hamesha k liye band ho jaye ga.,Apka UBL ka acc tax jama na krwane ki waja se block ho gaya ha. Abhi details send krain 0354989757 par warna acc hamesha k liye band ho jaye ga.,apka ubl ka acc tax jama na krwane ki waja se block ho gaya hai. abhi details send krain 0354989757 par warna acc hamesha k liye band ho jaye ga.,1,Phishing - Account Block Threat,1
apka {BRAND} ka acc verification na hone ki waja se block ho gaya hai. abhi pin code dain {PHONE} par warna acc hamesha k liye band ho jaye ga.,Apka Easypaisa ka acc verification na hone ki waja se block ho gaya ha. Abhi pin code dain 0321297952 par warna acc hamesha k liye band ho jaye ga.,apka easypaisa ka acc verification na hone ki waja se block ho gaya hai. abhi pin code dain 0321297952 par warna acc hamesha k liye band ho jaye ga.,1,Phishing - Account Block Threat,1
apka {BRAND} ka acc verification na hone ki waja se block ho gaya hai. abhi otp bataen {PHONE} par warna acc hamesha k liye band ho jaye ga.,Apka Allied Bank ka acc verification na hone ki waja se block ho gaya ha. Abhi OTP bataen 0368150904 par warna acc hamesha k liye band ho jaye ga.,apka allied bank ka acc verification na hone ki waja se block ho gaya hai. abhi otp bataen 0368150904 par warna acc hamesha k liye band ho jaye ga.,1,Phishing - Account Block Threat,1
apka {BRAND} ka acc suspicious activity ki waja se block ho gaya hai. abhi pin code dain {PHONE} par warna acc hamesha k liye band ho jaye ga.,Apka HBL ka acc suspicious activity ki waja se block ho gaya h. Abhi pin code dain 0328526695 par warna acc hamesha k liye band ho jaye ga.,apka hbl ka acc suspicious activity ki waja se block ho gaya hai. abhi pin code dain 0328526695 par warna acc hamesha k liye band ho jaye ga.,1,Phishing - Account Block Threat,1
apka {BRAND} ka acc suspicious activity ki waja se block ho gaya hai. abhi otp bataen {PHONE} par warna acc hamesha k liye band ho jaye ga.,Apka UBL ka acc suspicious activity ki waja se block ho gaya h. Abhi OTP bataen 0382200518 par warna acc hamesha k liye band ho jaye ga.,apka ubl ka acc suspicious activity ki waja se block ho gaya hai. abhi otp bataen 0382200518 par warna acc hamesha k liye band ho jaye ga.,1,Phishing - Account Block Threat,1
apka {BRAND} ka acc verification na hone ki waja se block ho gaya hai. abhi call karein {PHONE} par warna acc hamesha k liye band ho jaye ga.,Apka NayaPay ka acc verification na hone ki waja se block ho gaya h. Abhi call krn 0348268204 par warna acc hamesha k liye band ho jaye ga.,apka nayapay ka acc verification na hone ki waja se block ho gaya hai. abhi call karein 0348268204 par warna acc hamesha k liye band ho jaye ga.,1,Phishing - Account Block Threat,1
apka state bank ka account system error ki waja se block ho gaya hai. abhi sms karein {PHONE} par warna account hamesha k liye band ho jaye ga.,Apka State Bank ka account system error ki waja se block ho gaya hai. Abhi sms karin 0331281484 par warna account hamesha k liye band ho jaye ga.,apka state bank ka account system error ki waja se block ho gaya hai. abhi sms karein 0331281484 par warna account hamesha k liye band ho jaye ga.,1,Phishing - Account Block Threat,1
apka state bank ka account tax jama na krwane ki waja se block ho gaya hai. abhi pin code dain {PHONE} par warna account hamesha k liye band ho jaye ga.,Apka State Bank ka account tax jama na krwane ki waja se block ho gaya hai. Abhi pin code dain 0329062809 par warna account hamesha k liye band ho jaye ga.,apka state bank ka account tax jama na krwane ki waja se block ho gaya hai. abhi pin code dain 0329062809 par warna account hamesha k liye band ho jaye ga.,1,Phishing - Account Block Threat,1
apka state bank ka account tax jama na krwane ki waja se block ho gaya hai. abhi details send krain {PHONE} par warna account hamesha k liye band ho jaye ga.,Apka State Bank ka account tax jama na krwane ki waja se block ho gaya hai. Abhi details send krain 0351453743 par warna account hamesha k liye band ho jaye ga.,apka state bank ka account tax jama na krwane ki waja se block ho gaya hai. abhi details send krain 0351453743 par warna account hamesha k liye band ho jaye ga.,1,Phishing - Account Block Threat,1
"dear consumer, apka is mahine ka k-electric ka bill {AMOUNT} pkr ha. due date guzarne se pehle ada karein.","Dear Consumer, apka is mahine ka K-Electric ka bill 75,000 PKR ha. Due date guzarne se pehle ada karin.","dear consumer, apka is mahine ka k-electric ka bill 75,000 pkr ha. due date guzarne se pehle ada karein.",0,Utility Bill Payment Reminder,1
"dear consumer, apka is mahine ka k-electric ka bill {AMOUNT_WORDS} lakh pkr h. due date guzarne se pehle ada karein.","Dear Consumer, apka is mahine ka K-Electric ka bill 1 Lakh PKR h. Due date guzarne se pehle ada krn.","dear consumer, apka is mahine ka k-electric ka bill 1 lakh pkr h. due date guzarne se pehle ada karein.",0,Utility Bill Payment Reminder,1
"bh apke number par ghalti se mere {AMOUNT} rs aa gaye hain {BRAND} me, please wapis bhej dain shukar guzar hunga.","Bh apke number par ghalti se mere 350 rs aa gaye hn easypaisa me, please wapis bhej dain shukar guzar hunga.","bh apke number par ghalti se mere 350 rs aa gaye hain easypaisa me, please wapis bhej dain shukar guzar hunga.",1,Phishing - Wrong Number Refund Scam,1
"bha apke number par ghalti se mere {AMOUNT_WORDS} lakh rs aa gaye han {BRAND} me, please wapis bhej dain shukar guzar hunga.","Bha apke number par ghalti se mere 1 Lakh rs aa gaye han easypaisa me, please wapis bhej dain shukar guzar hunga.","bha apke number par ghalti se mere 1 lakh rs aa gaye han easypaisa me, please wapis bhej dain shukar guzar hunga.",1,Phishing - Wrong Number Refund Scam,1
"bh apke number par ghalti se mere {AMOUNT_WORDS} lakh rs aa gaye hain {BRAND} me, please wapis bhej dain shukar guzar hunga.","Bh apke number par ghalti se mere 1 Lakh rs aa gaye hn easypaisa me, please wapis bhej dain shukar guzar hunga.","bh apke number par ghalti se mere 1 lakh rs aa gaye hain easypaisa me, please wapis bhej dain shukar guzar hunga.",1,Phishing - Wrong Number Refund Scam,1
apka {BRAND} ka account verification na hone ki waja se block ho gaya hai. abhi otp bataen {PHONE} par warna account hamesha k liye band ho jaye ga.,Apka Allied Bank ka account verification na hone ki waja se block ho gaya hai. Abhi OTP bataen 0347569364 par warna account hamesha k liye band ho jaye ga.,apka allied bank ka account verification na hone ki waja se block ho gaya hai. abhi otp bataen 0347569364 par warna account hamesha k liye band ho jaye ga.,1,Phishing - Account Block Threat,1
"moaziz sarif, apka {BRAND} ki taraf se {AMOUNT} pkr ka inaam nikla ha. taseeq k liye {PHONE} par pin code dain.","Moaziz sarif, apka Inaam Ghar ki taraf se 350 PKR ka inaam nikla ha. Taseeq k liye 0394408235 par pin code dain.","moaziz sarif, apka inaam ghar ki taraf se 350 pkr ka inaam nikla ha. taseeq k liye 0394408235 par pin code dain.",1,Phishing - Reward/Lottery Scam,1
"moaziz sarif, apka {BRAND} ki taraf se {AMOUNT_WORDS} lakh pkr ka inaam nikla hai. taseeq k liye {PHONE} par details send krain.","Moaziz sarif, apka Benazir Income Support ki taraf se 1 Lakh PKR ka inaam nikla hai. Taseeq k liye 0351687418 par details send krain.","moaziz sarif, apka benazir income support ki taraf se 1 lakh pkr ka inaam nikla hai. taseeq k liye 0351687418 par details send krain.",1,Phishing - Government Scheme Scam,1
"moaziz sarif, apka {BRAND} ki taraf se {AMOUNT_WORDS} lakh pkr ka inaam nikla h. taseeq k liye {PHONE} par details send krain.","Moaziz sarif, apka BISP ki taraf se 1 Lakh PKR ka inaam nikla h. Taseeq k liye 0386566571 par details send krain.","moaziz sarif, apka bisp ki taraf se 1 lakh pkr ka inaam nikla h. taseeq k liye 0386566571 par details send krain.",1,Phishing - Reward/Lottery Scam,1
"moaziz sarif, apka {BRAND} ki taraf se {AMOUNT_WORDS} lakh pkr ka inaam nikla hai. taseeq k liye {PHONE} par call karein.","Moaziz sarif, apka Benazir Income Support ki taraf se 1 Lakh PKR ka inaam nikla hai. Taseeq k liye 0382809319 par call karein.","moaziz sarif, apka benazir income support ki taraf se 1 lakh pkr ka inaam nikla hai. taseeq k liye 0382809319 par call karein.",1,Phishing - Government Scheme Scam,1
"moaziz sarif, apka {BRAND} ki taraf se {AMOUNT_WORDS} lakh pkr ka inaam nikla h. taseeq k liye {PHONE} par pin code dain.","Moaziz sarif, apka Benazir Income Support ki taraf se 1 Lakh PKR ka inaam nikla h. Taseeq k liye 0382912813 par pin code dain.","moaziz sarif, apka benazir income support ki taraf se 1 lakh pkr ka inaam nikla h. taseeq k liye 0382912813 par pin code dain.",1,Phishing - Government Scheme Scam,1
"moaziz sarif, apka ehsaas program ki taraf se {AMOUNT} pkr ka inaam nikla ha. taseeq k liye {PHONE} par pin code dain.","Moaziz sarif, apka Ehsaas Program ki taraf se 12500 PKR ka inaam nikla ha. Taseeq k liye 0320978909 par pin code dain.","moaziz sarif, apka ehsaas program ki taraf se 12500 pkr ka inaam nikla ha. taseeq k liye 0320978909 par pin code dain.",1,Phishing - Government Scheme Scam,1
"moaziz sarif, apka ehsaas program ki taraf se {AMOUNT} pkr ka inaam nikla ha. taseeq k liye {PHONE} par call karein.","Moaziz sarif, apka Ehsaas Program ki taraf se 75,000 PKR ka inaam nikla ha. Taseeq k liye 0339776122 par call krn.","moaziz sarif, apka ehsaas program ki taraf se 75,000 pkr ka inaam nikla ha. taseeq k liye 0339776122 par call karein.",1,Phishing - Government Scheme Scam,1
"moaziz sarif, apka ehsaas program ki taraf se {AMOUNT} pkr ka inaam nikla hai. taseeq k liye {PHONE} par otp bataen.","Moaziz sarif, apka Ehsaas Program ki taraf se 2500 PKR ka inaam nikla hai. Taseeq k liye 0389910179 par OTP bataen.","moaziz sarif, apka ehsaas program ki taraf se 2500 pkr ka inaam nikla hai. taseeq k liye 0389910179 par otp bataen.",1,Phishing - Government Scheme Scam,1
"moaziz sarif, apka jeeto pakistan ki taraf se {AMOUNT} pkr ka inaam nikla h. taseeq k liye {PHONE} par rabta krein.","Moaziz sarif, apka Jeeto Pakistan ki taraf se 50,000 PKR ka inaam nikla h. Taseeq k liye 0397411978 par rabta krein.","moaziz sarif, apka jeeto pakistan ki taraf se 50,000 pkr ka inaam nikla h. taseeq k liye 0397411978 par rabta krein.",1,Phishing - Reward/Lottery Scam,1
"moaziz sarif, apka jeeto pakistan ki taraf se {AMOUNT_WORDS} lakh pkr ka inaam nikla h. taseeq k liye {PHONE} par pin code dain.","Moaziz sarif, apka Jeeto Pakistan ki taraf se 1 Lakh PKR ka inaam nikla h. Taseeq k liye 0357935065 par pin code dain.","moaziz sarif, apka jeeto pakistan ki taraf se 1 lakh pkr ka inaam nikla h. taseeq k liye 0357935065 par pin code dain.",1,Phishing - Reward/Lottery Scam,1
"moaziz sarif, apka ehsaas program ki taraf se {AMOUNT} pkr ka inaam nikla hai. taseeq k liye {PHONE} par rabta krein.","Moaziz sarif, apka Ehsaas Program ki taraf se 12500 PKR ka inaam nikla hai. Taseeq k liye 0391463803 par rabta krein.","moaziz sarif, apka ehsaas program ki taraf se 12500 pkr ka inaam nikla hai. taseeq k liye 0391463803 par rabta krein.",1,Phishing - Government Scheme Scam,1
"moaziz sarif, apka ehsaas program ki taraf se {AMOUNT} pkr ka inaam nikla ha. taseeq k liye {PHONE} par details send krain.","Moaziz sarif, apka Ehsaas Program ki taraf se 2500 PKR ka inaam nikla ha. Taseeq k liye 0364141938 par details send krain.","moaziz sarif, apka ehsaas program ki taraf se 2500 pkr ka inaam nikla ha. taseeq k liye 0364141938 par details send krain.",1,Phishing - Government Scheme Scam,1
"dear customer, apka atm card suspend kar dia gya ha. apni details update krne k liye is link www.reward-claim.info pr click krain.","Dear Customer, apka ATM card suspend kar dia gya ha. Apni details update krne k liye is link www.reward-claim.info pr click krain.","dear customer, apka atm card suspend kar dia gya ha. apni details update krne k liye is link www.reward-claim.info pr click krain.",1,Phishing - ATM Card Suspend Link,1
"dear consumer, apka is mahine ka sui gas ka bill {AMOUNT} pkr h. due date guzarne se pehle ada karein.","Dear Consumer, apka is mahine ka Sui Gas ka bill 50,000 PKR h. Due date guzarne se pehle ada kren.","dear consumer, apka is mahine ka sui gas ka bill 50,000 pkr h. due date guzarne se pehle ada karein.",0,Utility Bill Payment Reminder,1
"dear consumer, apka is mahine ka ptcl ka bill {AMOUNT_WORDS} lakh pkr hai. due date guzarne se pehle ada karein.","Dear Consumer, apka is mahine ka PTCL ka bill 1 Lakh PKR hai. Due date guzarne se pehle ada karein.","dear consumer, apka is mahine ka ptcl ka bill 1 lakh pkr hai. due date guzarne se pehle ada karein.",0,Utility Bill Payment Reminder,1
"dear customer, apka atm card suspend kar dia gya ha. apni details update krne k liye is link www.{BRAND}-update-kyc.com pr click krain.","Dear Customer, apka ATM card suspend kar dia gya ha. Apni details update krne k liye is link www.hbl-update-kyc.com pr click krain.","dear customer, apka atm card suspend kar dia gya ha. apni details update krne k liye is link www.hbl-update-kyc.com pr click krain.",1,Phishing - ATM Card Suspend Link,1
"dear customer, apke {BRAND} acc me {AMOUNT_WORDS} lakh pkr deposit hue hain. available balance: {AMOUNT_WORDS} lakh pkr.","Dear Customer, Apke SadaPay acc me 1 Lakh PKR deposit hue hn. Available Balance: 1 Lakh PKR.","dear customer, apke sadapay acc me 1 lakh pkr deposit hue hain. available balance: 1 lakh pkr.",0,Bank Deposit Notification,1
"dear customer, apka atm card suspend kar dia gya hai. apni details update krne k liye is link www.{BRAND}-update-kyc.com pr click krain.","Dear Customer, apka ATM card suspend kar dia gya hai. Apni details update krne k liye is link www.hbl-update-kyc.com pr click krain.","dear customer, apka atm card suspend kar dia gya hai. apni details update krne k liye is link www.hbl-update-kyc.com pr click krain.",1,Phishing - ATM Card Suspend Link,1
"dear customer, apke {BRAND} acc me {AMOUNT_WORDS} lakh pkr deposit hue han. available balance: {AMOUNT_WORDS} lakh pkr.","Dear Customer, Apke JazzCash acc me 1 Lakh PKR deposit hue han. Available Balance: 1 Lakh PKR.","dear customer, apke jazzcash acc me 1 lakh pkr deposit hue han. available balance: 1 lakh pkr.",0,Bank Deposit Notification,1
"dear customer, apke state bank acc me {AMOUNT} pkr deposit hue hain. available balance: {AMOUNT} pkr.","Dear Customer, Apke State Bank acc me 12500 PKR deposit hue hn. Available Balance: 12500 PKR.","dear customer, apke state bank acc me 12500 pkr deposit hue hain. available balance: 12500 pkr.",0,Bank Deposit Notification,1
"dear customer, apke state bank account me {AMOUNT} pkr deposit hue han. available balance: {AMOUNT} pkr.","Dear Customer, Apke State Bank acount me 5000 PKR deposit hue han. Available Balance: 5000 PKR.","dear customer, apke state bank account me 5000 pkr deposit hue han. available balance: 5000 pkr.",0,Bank Deposit Notification,1
"dear customer, apke {BRAND} account me {AMOUNT_WORDS} lakh pkr deposit hue han. available balance: {AMOUNT_WORDS} lakh pkr.","Dear Customer, Apke NayaPay acount me 1 Lakh PKR deposit hue han. Available Balance: 1 Lakh PKR.","dear customer, apke nayapay account me 1 lakh pkr deposit hue han. available balance: 1 lakh pkr.",0,Bank Deposit Notification,1
k-electric alert: apka pichla bill clear ho chuka h. current balance is {AMOUNT} pkr.,K-Electric Alert: Apka pichla bill clear ho chuka h. Current balance is 0 PKR.,k-electric alert: apka pichla bill clear ho chuka h. current balance is 0 pkr.,0,Utility Bill Cleared Notification,1
"moaziz sarif, apka ehsaas program ki taraf se {AMOUNT_WORDS} lakh pkr ka inaam nikla hai. taseeq k liye {PHONE} par call karein.","Moaziz sarif, apka Ehsaas Program ki taraf se 1 Lakh PKR ka inaam nikla hai. Taseeq k liye 0372860792 par call karein.","moaziz sarif, apka ehsaas program ki taraf se 1 lakh pkr ka inaam nikla hai. taseeq k liye 0372860792 par call karein.",1,Phishing - Government Scheme Scam,1
"moaziz sarif, apka ehsaas program ki taraf se {AMOUNT} pkr ka inaam nikla h. taseeq k liye {PHONE} par rabta krein.","Moaziz sarif, apka Ehsaas Program ki taraf se 12500 PKR ka inaam nikla h. Taseeq k liye 0365779737 par rabta krein.","moaziz sarif, apka ehsaas program ki taraf se 12500 pkr ka inaam nikla h. taseeq k liye 0365779737 par rabta krein.",1,Phishing - Government Scheme Scam,1
"moaziz sarif, apka ehsaas program ki taraf se {AMOUNT} pkr ka inaam nikla h. taseeq k liye {PHONE} par sms karein.","Moaziz sarif, apka Ehsaas Program ki taraf se 75,000 PKR ka inaam nikla h. Taseeq k liye 0326846996 par sms karin.","moaziz sarif, apka ehsaas program ki taraf se 75,000 pkr ka inaam nikla h. taseeq k liye 0326846996 par sms karein.",1,Phishing - Government Scheme Scam,1
"dear customer, apka atm card suspend kar dia gya hai. apni details update krne k liye is link http://bit.ly/update-acc pr click krain.","Dear Customer, apka ATM card suspend kar dia gya hai. Apni details update krne k liye is link http://bit.ly/update-acc pr click krain.","dear customer, apka atm card suspend kar dia gya hai. apni details update krne k liye is link http://bit.ly/update-acc pr click krain.",1,Phishing - ATM Card Suspend Link,1
"moaziz sarif, apka {BRAND} ki taraf se {AMOUNT} pkr ka inaam nikla ha. taseeq k liye {PHONE} par rabta krein.","Moaziz sarif, apka BISP ki taraf se 50,000 PKR ka inaam nikla ha. Taseeq k liye 0343755158 par rabta krein.","moaziz sarif, apka bisp ki taraf se 50,000 pkr ka inaam nikla ha. taseeq k liye 0343755158 par rabta krein.",1,Phishing - Reward/Lottery Scam,1
"moaziz sarif, apka {BRAND} ki taraf se {AMOUNT} pkr ka inaam nikla ha. taseeq k liye {PHONE} par call karein.","Moaziz sarif, apka Benazir Income Support ki taraf se 10000 PKR ka inaam nikla ha. Taseeq k liye 0318245575 par call krn.","moaziz sarif, apka benazir income support ki taraf se 10000 pkr ka inaam nikla ha. taseeq k liye 0318245575 par call karein.",1,Phishing - Government Scheme Scam,1
"moaziz sarif, apka {BRAND} ki taraf se {AMOUNT} pkr ka inaam nikla ha. taseeq k liye {PHONE} par otp bataen.","Moaziz sarif, apka BISP ki taraf se 2500 PKR ka inaam nikla ha. Taseeq k liye 0362782181 par OTP bataen.","moaziz sarif, apka bisp ki taraf se 2500 pkr ka inaam nikla ha. taseeq k liye 0362782181 par otp bataen.",1,Phishing - Reward/Lottery Scam,1
"moaziz sarif, apka {BRAND} ki taraf se {AMOUNT} pkr ka inaam nikla h. taseeq k liye {PHONE} par sms karein.","Moaziz sarif, apka Benazir Income Support ki taraf se 350 PKR ka inaam nikla h. Taseeq k liye 0359044057 par sms karin.","moaziz sarif, apka benazir income support ki taraf se 350 pkr ka inaam nikla h. taseeq k liye 0359044057 par sms karein.",1,Phishing - Government Scheme Scam,1
"moaziz sarif, apka {BRAND} ki taraf se {AMOUNT} pkr ka inaam nikla h. taseeq k liye {PHONE} par pin code dain.","Moaziz sarif, apka Inaam Ghar ki taraf se 10000 PKR ka inaam nikla h. Taseeq k liye 0353620508 par pin code dain.","moaziz sarif, apka inaam ghar ki taraf se 10000 pkr ka inaam nikla h. taseeq k liye 0353620508 par pin code dain.",1,Phishing - Reward/Lottery Scam,1
"moaziz sarif, apka {BRAND} ki taraf se {AMOUNT_WORDS} lakh pkr ka inaam nikla hai. taseeq k liye {PHONE} par pin code dain.","Moaziz sarif, apka BISP ki taraf se 1 Lakh PKR ka inaam nikla hai. Taseeq k liye 0345978347 par pin code dain.","moaziz sarif, apka bisp ki taraf se 1 lakh pkr ka inaam nikla hai. taseeq k liye 0345978347 par pin code dain.",1,Phishing - Reward/Lottery Scam,1
ptcl alert: apka pichla bill clear ho chuka hai. current balance is {AMOUNT} pkr.,PTCL Alert: Apka pichla bill clear ho chuka hai. Current balance is 0 PKR.,ptcl alert: apka pichla bill clear ho chuka hai. current balance is 0 pkr.,0,Utility Bill Cleared Notification,1
"mubarak ho! ehsaas program main apka 75,000 ka inam lga ha. apna inam hasil krne k lie apna state bank pin is number par send krin.","Mubarak ho! Ehsaas Program main apka 75,000 ka inam lga ha. Apna inam hasil krne k lie apna State Bank pin is number par send krin.","mubarak ho! ehsaas program main apka 75,000 ka inam lga ha. apna inam hasil krne k lie apna state bank pin is number par send krin.",1,Phishing - Government Scheme Scam,1
"mubarak ho! ehsaas program main apka 50,000 ka inam lga ha. apna inam hasil krne k lie apna {BRAND} pin is number par send krin.","Mubarak ho! Ehsaas Program main apka 50,000 ka inam lga ha. Apna inam hasil krne k lie apna NayaPay pin is number par send krin.","mubarak ho! ehsaas program main apka 50,000 ka inam lga ha. apna inam hasil krne k lie apna nayapay pin is number par send krin.",1,Phishing - Government Scheme Scam,1
mubarak ho! {BRAND} main apka 350 ka inam lga ha. apna inam hasil krne k lie apna state bank pin is number par send krin.,Mubarak ho! Benazir Income Support main apka 350 ka inam lga ha. Apna inam hasil krne k lie apna State Bank pin is number par send krin.,mubarak ho! benazir income support main apka 350 ka inam lga ha. apna inam hasil krne k lie apna state bank pin is number par send krin.,1,Phishing - Government Scheme Scam,1
"mubarak ho! {BRAND} main apka 50,000 ka inam lga ha. apna inam hasil krne k lie apna state bank pin is number par send krin.","Mubarak ho! BISP main apka 50,000 ka inam lga ha. Apna inam hasil krne k lie apna State Bank pin is number par send krin.","mubarak ho! bisp main apka 50,000 ka inam lga ha. apna inam hasil krne k lie apna state bank pin is number par send krin.",1,Phishing - Reward/Lottery Scam,1
mubarak ho! jeeto pakistan main apka {NUM} ka inam lga ha. apna inam hasil krne k lie apna state bank pin is number par send krin.,Mubarak ho! Jeeto Pakistan main apka 2500 ka inam lga ha. Apna inam hasil krne k lie apna State Bank pin is number par send krin.,mubarak ho! jeeto pakistan main apka 2500 ka inam lga ha. apna inam hasil krne k lie apna state bank pin is number par send krin.,1,Phishing - Reward/Lottery Scam,1
mubarak ho! ehsaas program main apka {NUM} ka inam lga ha. apna inam hasil krne k lie apna state bank pin is number par send krin.,Mubarak ho! Ehsaas Program main apka 2500 ka inam lga ha. Apna inam hasil krne k lie apna State Bank pin is number par send krin.,mubarak ho! ehsaas program main apka 2500 ka inam lga ha. apna inam hasil krne k lie apna state bank pin is number par send krin.,1,Phishing - Government Scheme Scam,1
mubarak ho! ehsaas program main apka {AMOUNT_WORDS} lakh ka inam lga ha. apna inam hasil krne k lie apna state bank pin is number par send krin.,Mubarak ho! Ehsaas Program main apka 1 Lakh ka inam lga ha. Apna inam hasil krne k lie apna State Bank pin is number par send krin.,mubarak ho! ehsaas program main apka 1 lakh ka inam lga ha. apna inam hasil krne k lie apna state bank pin is number par send krin.,1,Phishing - Government Scheme Scam,1
mubarak ho! ehsaas program main apka {AMOUNT_WORDS} lakh ka inam lga ha. apna inam hasil krne k lie apna {BRAND} pin is number par send krin.,Mubarak ho! Ehsaas Program main apka 1 Lakh ka inam lga ha. Apna inam hasil krne k lie apna HBL pin is number par send krin.,mubarak ho! ehsaas program main apka 1 lakh ka inam lga ha. apna inam hasil krne k lie apna hbl pin is number par send krin.,1,Phishing - Government Scheme Scam,1
salary of {AMOUNT} pkr has been credited to your state bank acc. thank you.,Salary of 10000 PKR has been credited to your State Bank acc. Thank you.,salary of 10000 pkr has been credited to your state bank acc. thank you.,0,Salary Credit Notification,1
{BRAND} ki taraf se apka {BRAND} acc freeze kr dia gya h. unblock krwane k lie abhi otp pin code dain.,FBR ki taraf se apka JazzCash acc freeze kr dia gya h. Unblock krwane k lie abhi OTP pin code dain.,fbr ki taraf se apka jazzcash acc freeze kr dia gya h. unblock krwane k lie abhi otp pin code dain.,1,Phishing - Account Freeze (FBR) Threat,1
{BRAND} ki taraf se apka {BRAND} acc freeze kr dia gya h. unblock krwane k lie abhi otp rabta krein.,FBR ki taraf se apka Allied Bank acc freeze kr dia gya h. Unblock krwane k lie abhi OTP rabta krein.,fbr ki taraf se apka allied bank acc freeze kr dia gya h. unblock krwane k lie abhi otp rabta krein.,1,Phishing - Account Freeze (FBR) Threat,1
{BRAND} ki taraf se apka state bank account freeze kr dia gya hai. unblock krwane k lie abhi otp sms karein.,FBR ki taraf se apka State Bank account freeze kr dia gya hai. Unblock krwane k lie abhi OTP sms karin.,fbr ki taraf se apka state bank account freeze kr dia gya hai. unblock krwane k lie abhi otp sms karein.,1,Phishing - Account Freeze (FBR) Threat,1
{BRAND} ki taraf se apka state bank account freeze kr dia gya hai. unblock krwane k lie abhi otp pin code dain.,FBR ki taraf se apka State Bank account freeze kr dia gya hai. Unblock krwane k lie abhi OTP pin code dain.,fbr ki taraf se apka state bank account freeze kr dia gya hai. unblock krwane k lie abhi otp pin code dain.,1,Phishing - Account Freeze (FBR) Threat,1
{BRAND} ki taraf se apka state bank account freeze kr dia gya hai. unblock krwane k lie abhi otp otp bataen.,FBR ki taraf se apka State Bank account freeze kr dia gya hai. Unblock krwane k lie abhi OTP OTP bataen.,fbr ki taraf se apka state bank account freeze kr dia gya hai. unblock krwane k lie abhi otp otp bataen.,1,Phishing - Account Freeze (FBR) Threat,1
{BRAND} alert: apka pichla bill clear ho chuka hai. current balance is {AMOUNT} pkr.,IESCO Alert: Apka pichla bill clear ho chuka hai. Current balance is 0 PKR.,iesco alert: apka pichla bill clear ho chuka hai. current balance is 0 pkr.,0,Utility Bill Cleared Notification,1
{BRAND} ki taraf se apka state bank account freeze kr dia gya ha. unblock krwane k lie abhi otp sms karein.,FBR ki taraf se apka State Bank acount freeze kr dia gya ha. Unblock krwane k lie abhi OTP sms karin.,fbr ki taraf se apka state bank account freeze kr dia gya ha. unblock krwane k lie abhi otp sms karein.,1,Phishing - Account Freeze (FBR) Threat,1
{BRAND} alert: apka pichla bill clear ho chuka h. current balance is {AMOUNT} pkr.,IESCO Alert: Apka pichla bill clear ho chuka h. Current balance is 0 PKR.,iesco alert: apka pichla bill clear ho chuka h. current balance is 0 pkr.,0,Utility Bill Cleared Notification,1
sui gas alert: apka pichla bill clear ho chuka hai. current balance is {AMOUNT} pkr.,Sui Gas Alert: Apka pichla bill clear ho chuka hai. Current balance is 0 PKR.,sui gas alert: apka pichla bill clear ho chuka hai. current balance is 0 pkr.,0,Utility Bill Cleared Notification,1
{BRAND} ki taraf se apka state bank account freeze kr dia gya hai. unblock krwane k lie abhi otp rabta krein.,FBR ki taraf se apka State Bank account freeze kr dia gya hai. Unblock krwane k lie abhi OTP rabta krein.,fbr ki taraf se apka state bank account freeze kr dia gya hai. unblock krwane k lie abhi otp rabta krein.,1,Phishing - Account Freeze (FBR) Threat,1
{BRAND} ki taraf se apka {BRAND} account freeze kr dia gya ha. unblock krwane k lie abhi otp otp bataen.,FBR ki taraf se apka HBL acount freeze kr dia gya ha. Unblock krwane k lie abhi OTP OTP bataen.,fbr ki taraf se apka hbl account freeze kr dia gya ha. unblock krwane k lie abhi otp otp bataen.,1,Phishing - Account Freeze (FBR) Threat,1
{BRAND} ki taraf se apka {BRAND} acc freeze kr dia gya ha. unblock krwane k lie abhi otp details send krain.,FBR ki taraf se apka Allied Bank acc freeze kr dia gya ha. Unblock krwane k lie abhi OTP details send krain.,fbr ki taraf se apka allied bank acc freeze kr dia gya ha. unblock krwane k lie abhi otp details send krain.,1,Phishing - Account Freeze (FBR) Threat,1
{BRAND} ki taraf se apka {BRAND} account freeze kr dia gya ha. unblock krwane k lie abhi otp pin code dain.,FBR ki taraf se apka NayaPay acount freeze kr dia gya ha. Unblock krwane k lie abhi OTP pin code dain.,fbr ki taraf se apka nayapay account freeze kr dia gya ha. unblock krwane k lie abhi otp pin code dain.,1,Phishing - Account Freeze (FBR) Threat,1
{BRAND} ki taraf se apka {BRAND} acc freeze kr dia gya ha. unblock krwane k lie abhi otp sms karein.,FBR ki taraf se apka HBL acc freeze kr dia gya ha. Unblock krwane k lie abhi OTP sms karin.,fbr ki taraf se apka hbl acc freeze kr dia gya ha. unblock krwane k lie abhi otp sms karein.,1,Phishing - Account Freeze (FBR) Threat,1
{BRAND} ki taraf se apka {BRAND} account freeze kr dia gya h. unblock krwane k lie abhi otp call karein.,FBR ki taraf se apka Easypaisa acount freeze kr dia gya h. Unblock krwane k lie abhi OTP call karin.,fbr ki taraf se apka easypaisa account freeze kr dia gya h. unblock krwane k lie abhi otp call karein.,1,Phishing - Account Freeze (FBR) Threat,1
